fact,question,answer,question2,answer2,question3,answer3,question4,answer4,index
Richard Perry is Reid Perry's father.,Richard Perry is Reid Perry's ,father,Is Richard Perry Reid Perry's father?,yes,Is Richard Perry Reid Perry's uncle?,no,Who is Richard Perry to Reid Perry?,father,0
Quentin Perry is Richard Perry's child.,Quentin Perry is Richard Perry's ,child,Is Quentin Perry Richard Perry's child?,yes,Is Quentin Perry Richard Perry's brother?,no,Who is Quentin Perry to Richard Perry?,child,1
Tessa Jenkins is Vanessa Jenkins's child.,Tessa Jenkins is Vanessa Jenkins's ,child,Is Tessa Jenkins Vanessa Jenkins's child?,yes,Is Tessa Jenkins Vanessa Jenkins's niece?,no,Who is Tessa Jenkins to Vanessa Jenkins?,child,2
Stephen Martinez is Steven Martinez's brother.,Stephen Martinez is Steven Martinez's ,brother,Is Stephen Martinez Steven Martinez's brother?,yes,Is Stephen Martinez Steven Martinez's husband?,no,Who is Stephen Martinez to Steven Martinez?,brother,3
Sienna Perry is Tobias Perry's wife.,Sienna Perry is Tobias Perry's ,wife,Is Sienna Perry Tobias Perry's wife?,yes,Is Sienna Perry Tobias Perry's aunt?,no,Who is Sienna Perry to Tobias Perry?,wife,4
Scott Gray is Riley Foster's child.,Scott Gray is Riley Foster's ,child,Is Scott Gray Riley Foster's child?,yes,Is Scott Gray Riley Foster's aunt?,no,Who is Scott Gray to Riley Foster?,child,5
Rachel Gray is Quinn Gray's sister.,Rachel Gray is Quinn Gray's ,sister,Is Rachel Gray Quinn Gray's sister?,yes,Is Rachel Gray Quinn Gray's child?,no,Who is Rachel Gray to Quinn Gray?,sister,6
Savannah Gray is Steven Martinez's sister.,Savannah Gray is Steven Martinez's ,sister,Is Savannah Gray Steven Martinez's sister?,yes,Is Savannah Gray Steven Martinez's wife?,no,Who is Savannah Gray to Steven Martinez?,sister,7
Thomas Martinez is Shelby Martinez's child.,Thomas Martinez is Shelby Martinez's ,child,Is Thomas Martinez Shelby Martinez's child?,yes,Is Thomas Martinez Shelby Martinez's uncle?,no,Who is Thomas Martinez to Shelby Martinez?,child,8
Xavier Ross is Zachary Ross's child.,Xavier Ross is Zachary Ross's ,child,Is Xavier Ross Zachary Ross's child?,yes,Is Xavier Ross Zachary Ross's niece?,no,Who is Xavier Ross to Zachary Ross?,child,9
Nathan Flores is Michelle Evans's husband.,Nathan Flores is Michelle Evans's ,husband,Is Nathan Flores Michelle Evans's husband?,yes,Is Nathan Flores Michelle Evans's mother?,no,Who is Nathan Flores to Michelle Evans?,husband,10
Sean Gray is Ruby Gray's nephew.,Sean Gray is Ruby Gray's ,nephew,Is Sean Gray Ruby Gray's nephew?,yes,Is Sean Gray Ruby Gray's mother?,no,Who is Sean Gray to Ruby Gray?,nephew,11
Wesley Jenkins is Wyatt Jenkins's child.,Wesley Jenkins is Wyatt Jenkins's ,child,Is Wesley Jenkins Wyatt Jenkins's child?,yes,Is Wesley Jenkins Wyatt Jenkins's aunt?,no,Who is Wesley Jenkins to Wyatt Jenkins?,child,12
Reed Perry is Parker Ross's child.,Reed Perry is Parker Ross's ,child,Is Reed Perry Parker Ross's child?,yes,Is Reed Perry Parker Ross's husband?,no,Who is Reed Perry to Parker Ross?,child,13
Valentina Hughes is Vanessa Jenkins's mother.,Valentina Hughes is Vanessa Jenkins's ,mother,Is Valentina Hughes Vanessa Jenkins's mother?,yes,Is Valentina Hughes Vanessa Jenkins's niece?,no,Who is Valentina Hughes to Vanessa Jenkins?,mother,14
Paisley Parker is Reid Perry's wife.,Paisley Parker is Reid Perry's ,wife,Is Paisley Parker Reid Perry's wife?,yes,Is Paisley Parker Reid Perry's father?,no,Who is Paisley Parker to Reid Perry?,wife,15
Parker Ross is Richard Perry's wife.,Parker Ross is Richard Perry's ,wife,Is Parker Ross Richard Perry's wife?,yes,Is Parker Ross Richard Perry's nephew?,no,Who is Parker Ross to Richard Perry?,wife,16
Samantha Howard is Simon Gray's wife.,Samantha Howard is Simon Gray's ,wife,Is Samantha Howard Simon Gray's wife?,yes,Is Samantha Howard Simon Gray's sister?,no,Who is Samantha Howard to Simon Gray?,wife,17
Owen Butler is Patrick Butler's brother.,Owen Butler is Patrick Butler's ,brother,Is Owen Butler Patrick Butler's brother?,yes,Is Owen Butler Patrick Butler's sister?,no,Who is Owen Butler to Patrick Butler?,brother,18
Quinn Gray is Scott Gray's sister.,Quinn Gray is Scott Gray's ,sister,Is Quinn Gray Scott Gray's sister?,yes,Is Quinn Gray Scott Gray's wife?,no,Who is Quinn Gray to Scott Gray?,sister,19
Avery Ross is Zane Ross's child.,Avery Ross is Zane Ross's ,child,Is Avery Ross Zane Ross's child?,yes,Is Avery Ross Zane Ross's brother?,no,Who is Avery Ross to Zane Ross?,child,20
Wyatt Jenkins is Violet Jenkins's father.,Wyatt Jenkins is Violet Jenkins's ,father,Is Wyatt Jenkins Violet Jenkins's father?,yes,Is Wyatt Jenkins Violet Jenkins's uncle?,no,Who is Wyatt Jenkins to Violet Jenkins?,father,21
Nora Long is Philip Parker's mother.,Nora Long is Philip Parker's ,mother,Is Nora Long Philip Parker's mother?,yes,Is Nora Long Philip Parker's sister?,no,Who is Nora Long to Philip Parker?,mother,22
Raymond Perry is Reid Perry's brother.,Raymond Perry is Reid Perry's ,brother,Is Raymond Perry Reid Perry's brother?,yes,Is Raymond Perry Reid Perry's husband?,no,Who is Raymond Perry to Reid Perry?,brother,23
Molly Flores is Noah Flores's sister.,Molly Flores is Noah Flores's ,sister,Is Molly Flores Noah Flores's sister?,yes,Is Molly Flores Noah Flores's wife?,no,Who is Molly Flores to Noah Flores?,sister,24
Michelle Evans is Melanie Flores's mother.,Michelle Evans is Melanie Flores's ,mother,Is Michelle Evans Melanie Flores's mother?,yes,Is Michelle Evans Melanie Flores's uncle?,no,Who is Michelle Evans to Melanie Flores?,mother,25
Travis Perry is Tobias Perry's father.,Travis Perry is Tobias Perry's ,father,Is Travis Perry Tobias Perry's father?,yes,Is Travis Perry Tobias Perry's wife?,no,Who is Travis Perry to Tobias Perry?,father,26
Sarah Gray is Theodore Martinez's niece.,Sarah Gray is Theodore Martinez's ,niece,Is Sarah Gray Theodore Martinez's niece?,yes,Is Sarah Gray Theodore Martinez's brother?,no,Who is Sarah Gray to Theodore Martinez?,niece,27
Michael Parker is Melanie Flores's nephew.,Michael Parker is Melanie Flores's ,nephew,Is Michael Parker Melanie Flores's nephew?,yes,Is Michael Parker Melanie Flores's mother?,no,Who is Michael Parker to Melanie Flores?,nephew,28
Mia Flores is Miles Parker's wife.,Mia Flores is Miles Parker's ,wife,Is Mia Flores Miles Parker's wife?,yes,Is Mia Flores Miles Parker's brother?,no,Who is Mia Flores to Miles Parker?,wife,29
Ruby Gray is Shane Gray's child.,Ruby Gray is Shane Gray's ,child,Is Ruby Gray Shane Gray's child?,yes,Is Ruby Gray Shane Gray's mother?,no,Who is Ruby Gray to Shane Gray?,child,30
Naomi Flores is Nolan Flores's mother.,Naomi Flores is Nolan Flores's ,mother,Is Naomi Flores Nolan Flores's mother?,yes,Is Naomi Flores Nolan Flores's nephew?,no,Who is Naomi Flores to Nolan Flores?,mother,31
Wyatt Jenkins is William Jenkins's father.,Wyatt Jenkins is William Jenkins's ,father,Is Wyatt Jenkins William Jenkins's father?,yes,Is Wyatt Jenkins William Jenkins's husband?,no,Who is Wyatt Jenkins to William Jenkins?,father,32
Sierra Perry is Tobias Perry's mother.,Sierra Perry is Tobias Perry's ,mother,Is Sierra Perry Tobias Perry's mother?,yes,Is Sierra Perry Tobias Perry's niece?,no,Who is Sierra Perry to Tobias Perry?,mother,33
Penelope Foster is Ronan Foster's sister.,Penelope Foster is Ronan Foster's ,sister,Is Penelope Foster Ronan Foster's sister?,yes,Is Penelope Foster Ronan Foster's brother?,no,Who is Penelope Foster to Ronan Foster?,sister,34
Quentin Perry is Parker Ross's child.,Quentin Perry is Parker Ross's ,child,Is Quentin Perry Parker Ross's child?,yes,Is Quentin Perry Parker Ross's father?,no,Who is Quentin Perry to Parker Ross?,child,35
Riley Foster is Quinn Gray's mother.,Riley Foster is Quinn Gray's ,mother,Is Riley Foster Quinn Gray's mother?,yes,Is Riley Foster Quinn Gray's wife?,no,Who is Riley Foster to Quinn Gray?,mother,36
Patrick Butler is Paul Butler's child.,Patrick Butler is Paul Butler's ,child,Is Patrick Butler Paul Butler's child?,yes,Is Patrick Butler Paul Butler's husband?,no,Who is Patrick Butler to Paul Butler?,child,37
Sydney Evans is Tyler Martinez's wife.,Sydney Evans is Tyler Martinez's ,wife,Is Sydney Evans Tyler Martinez's wife?,yes,Is Sydney Evans Tyler Martinez's brother?,no,Who is Sydney Evans to Tyler Martinez?,wife,38
Sean Gray is Seth Gray's child.,Sean Gray is Seth Gray's ,child,Is Sean Gray Seth Gray's child?,yes,Is Sean Gray Seth Gray's aunt?,no,Who is Sean Gray to Seth Gray?,child,39
Steven Martinez is Savannah Gray's brother.,Steven Martinez is Savannah Gray's ,brother,Is Steven Martinez Savannah Gray's brother?,yes,Is Steven Martinez Savannah Gray's uncle?,no,Who is Steven Martinez to Savannah Gray?,brother,40
Stella Hughes is Victor Hughes's child.,Stella Hughes is Victor Hughes's ,child,Is Stella Hughes Victor Hughes's child?,yes,Is Stella Hughes Victor Hughes's father?,no,Who is Stella Hughes to Victor Hughes?,child,41
Avery Ross is Sloane Lee's child.,Avery Ross is Sloane Lee's ,child,Is Avery Ross Sloane Lee's child?,yes,Is Avery Ross Sloane Lee's wife?,no,Who is Avery Ross to Sloane Lee?,child,42
Timothy Martinez is Thomas Martinez's father.,Timothy Martinez is Thomas Martinez's ,father,Is Timothy Martinez Thomas Martinez's father?,yes,Is Timothy Martinez Thomas Martinez's mother?,no,Who is Timothy Martinez to Thomas Martinez?,father,43
Nicholas Flores is Mila Flores's husband.,Nicholas Flores is Mila Flores's ,husband,Is Nicholas Flores Mila Flores's husband?,yes,Is Nicholas Flores Mila Flores's niece?,no,Who is Nicholas Flores to Mila Flores?,husband,44
Spencer Gray is Savannah Gray's husband.,Spencer Gray is Savannah Gray's ,husband,Is Spencer Gray Savannah Gray's husband?,yes,Is Spencer Gray Savannah Gray's father?,no,Who is Spencer Gray to Savannah Gray?,husband,45
Vivienne Simmons is William Jenkins's mother.,Vivienne Simmons is William Jenkins's ,mother,Is Vivienne Simmons William Jenkins's mother?,yes,Is Vivienne Simmons William Jenkins's sister?,no,Who is Vivienne Simmons to William Jenkins?,mother,46
Travis Perry is Sierra Perry's husband.,Travis Perry is Sierra Perry's ,husband,Is Travis Perry Sierra Perry's husband?,yes,Is Travis Perry Sierra Perry's uncle?,no,Who is Travis Perry to Sierra Perry?,husband,47
Shane Gray is Ruby Gray's father.,Shane Gray is Ruby Gray's ,father,Is Shane Gray Ruby Gray's father?,yes,Is Shane Gray Ruby Gray's wife?,no,Who is Shane Gray to Ruby Gray?,father,48
Naomi Flores is Oscar Butler's child.,Naomi Flores is Oscar Butler's ,child,Is Naomi Flores Oscar Butler's child?,yes,Is Naomi Flores Oscar Butler's sister?,no,Who is Naomi Flores to Oscar Butler?,child,49
Wesley Jenkins is Violet Jenkins's brother.,Wesley Jenkins is Violet Jenkins's ,brother,Is Wesley Jenkins Violet Jenkins's brother?,yes,Is Wesley Jenkins Violet Jenkins's aunt?,no,Who is Wesley Jenkins to Violet Jenkins?,brother,50
Wesley Jenkins is Tessa Jenkins's uncle.,Wesley Jenkins is Tessa Jenkins's ,uncle,Is Wesley Jenkins Tessa Jenkins's uncle?,yes,Is Wesley Jenkins Tessa Jenkins's wife?,no,Who is Wesley Jenkins to Tessa Jenkins?,uncle,51
Valentina Hughes is Vincent Hughes's wife.,Valentina Hughes is Vincent Hughes's ,wife,Is Valentina Hughes Vincent Hughes's wife?,yes,Is Valentina Hughes Vincent Hughes's mother?,no,Who is Valentina Hughes to Vincent Hughes?,wife,52
Spencer Gray is Sarah Gray's father.,Spencer Gray is Sarah Gray's ,father,Is Spencer Gray Sarah Gray's father?,yes,Is Spencer Gray Sarah Gray's uncle?,no,Who is Spencer Gray to Sarah Gray?,father,53
Nolan Flores is Oliver Flores's child.,Nolan Flores is Oliver Flores's ,child,Is Nolan Flores Oliver Flores's child?,yes,Is Nolan Flores Oliver Flores's nephew?,no,Who is Nolan Flores to Oliver Flores?,child,54
Owen Butler is Nicole Butler's child.,Owen Butler is Nicole Butler's ,child,Is Owen Butler Nicole Butler's child?,yes,Is Owen Butler Nicole Butler's husband?,no,Who is Owen Butler to Nicole Butler?,child,55
Skylar Bailey is Zachary Ross's wife.,Skylar Bailey is Zachary Ross's ,wife,Is Skylar Bailey Zachary Ross's wife?,yes,Is Skylar Bailey Zachary Ross's mother?,no,Who is Skylar Bailey to Zachary Ross?,wife,56
Preston Parker is Paisley Parker's father.,Preston Parker is Paisley Parker's ,father,Is Preston Parker Paisley Parker's father?,yes,Is Preston Parker Paisley Parker's uncle?,no,Who is Preston Parker to Paisley Parker?,father,57
Richard Perry is Payton Gray's child.,Richard Perry is Payton Gray's ,child,Is Richard Perry Payton Gray's child?,yes,Is Richard Perry Payton Gray's brother?,no,Who is Richard Perry to Payton Gray?,child,58
Ruby Gray is Quinn Gray's aunt.,Ruby Gray is Quinn Gray's ,aunt,Is Ruby Gray Quinn Gray's aunt?,yes,Is Ruby Gray Quinn Gray's brother?,no,Who is Ruby Gray to Quinn Gray?,aunt,59
Wesley Jenkins is Trinity Jenkins's uncle.,Wesley Jenkins is Trinity Jenkins's ,uncle,Is Wesley Jenkins Trinity Jenkins's uncle?,yes,Is Wesley Jenkins Trinity Jenkins's sister?,no,Who is Wesley Jenkins to Trinity Jenkins?,uncle,60
Savannah Gray is Spencer Gray's wife.,Savannah Gray is Spencer Gray's ,wife,Is Savannah Gray Spencer Gray's wife?,yes,Is Savannah Gray Spencer Gray's sister?,no,Who is Savannah Gray to Spencer Gray?,wife,61
Naomi Flores is Noah Flores's mother.,Naomi Flores is Noah Flores's ,mother,Is Naomi Flores Noah Flores's mother?,yes,Is Naomi Flores Noah Flores's father?,no,Who is Naomi Flores to Noah Flores?,mother,62
Raymond Perry is Quentin Perry's brother.,Raymond Perry is Quentin Perry's ,brother,Is Raymond Perry Quentin Perry's brother?,yes,Is Raymond Perry Quentin Perry's uncle?,no,Who is Raymond Perry to Quentin Perry?,brother,63
Sean Gray is Quinn Gray's brother.,Sean Gray is Quinn Gray's ,brother,Is Sean Gray Quinn Gray's brother?,yes,Is Sean Gray Quinn Gray's wife?,no,Who is Sean Gray to Quinn Gray?,brother,64
Timothy Martinez is Shelby Martinez's husband.,Timothy Martinez is Shelby Martinez's ,husband,Is Timothy Martinez Shelby Martinez's husband?,yes,Is Timothy Martinez Shelby Martinez's father?,no,Who is Timothy Martinez to Shelby Martinez?,husband,65
Paige Howard is Paisley Parker's mother.,Paige Howard is Paisley Parker's ,mother,Is Paige Howard Paisley Parker's mother?,yes,Is Paige Howard Paisley Parker's nephew?,no,Who is Paige Howard to Paisley Parker?,mother,66
Wyatt Jenkins is Victoria Jenkins's father.,Wyatt Jenkins is Victoria Jenkins's ,father,Is Wyatt Jenkins Victoria Jenkins's father?,yes,Is Wyatt Jenkins Victoria Jenkins's niece?,no,Who is Wyatt Jenkins to Victoria Jenkins?,father,67
Sarah Gray is Steven Martinez's niece.,Sarah Gray is Steven Martinez's ,niece,Is Sarah Gray Steven Martinez's niece?,yes,Is Sarah Gray Steven Martinez's father?,no,Who is Sarah Gray to Steven Martinez?,niece,68
Olivia Ramirez is Philip Parker's wife.,Olivia Ramirez is Philip Parker's ,wife,Is Olivia Ramirez Philip Parker's wife?,yes,Is Olivia Ramirez Philip Parker's child?,no,Who is Olivia Ramirez to Philip Parker?,wife,69
Philip Parker is Preston Parker's father.,Philip Parker is Preston Parker's ,father,Is Philip Parker Preston Parker's father?,yes,Is Philip Parker Preston Parker's uncle?,no,Who is Philip Parker to Preston Parker?,father,70
Shelby Martinez is Thomas Martinez's mother.,Shelby Martinez is Thomas Martinez's ,mother,Is Shelby Martinez Thomas Martinez's mother?,yes,Is Shelby Martinez Thomas Martinez's father?,no,Who is Shelby Martinez to Thomas Martinez?,mother,71
Melanie Flores is Mia Flores's sister.,Melanie Flores is Mia Flores's ,sister,Is Melanie Flores Mia Flores's sister?,yes,Is Melanie Flores Mia Flores's aunt?,no,Who is Melanie Flores to Mia Flores?,sister,72
Riley Foster is Seth Gray's wife.,Riley Foster is Seth Gray's ,wife,Is Riley Foster Seth Gray's wife?,yes,Is Riley Foster Seth Gray's father?,no,Who is Riley Foster to Seth Gray?,wife,73
Taylor Martinez is Victor Hughes's wife.,Taylor Martinez is Victor Hughes's ,wife,Is Taylor Martinez Victor Hughes's wife?,yes,Is Taylor Martinez Victor Hughes's child?,no,Who is Taylor Martinez to Victor Hughes?,wife,74
Zoey Jenkins is Willow Ross's mother.,Zoey Jenkins is Willow Ross's ,mother,Is Zoey Jenkins Willow Ross's mother?,yes,Is Zoey Jenkins Willow Ross's aunt?,no,Who is Zoey Jenkins to Willow Ross?,mother,75
Zane Ross is Zachary Ross's father.,Zane Ross is Zachary Ross's ,father,Is Zane Ross Zachary Ross's father?,yes,Is Zane Ross Zachary Ross's wife?,no,Who is Zane Ross to Zachary Ross?,father,76
Sarah Gray is Stephen Martinez's niece.,Sarah Gray is Stephen Martinez's ,niece,Is Sarah Gray Stephen Martinez's niece?,yes,Is Sarah Gray Stephen Martinez's mother?,no,Who is Sarah Gray to Stephen Martinez?,niece,77
Reed Perry is Raymond Perry's brother.,Reed Perry is Raymond Perry's ,brother,Is Reed Perry Raymond Perry's brother?,yes,Is Reed Perry Raymond Perry's sister?,no,Who is Reed Perry to Raymond Perry?,brother,78
Simon Gray is Samantha Howard's husband.,Simon Gray is Samantha Howard's ,husband,Is Simon Gray Samantha Howard's husband?,yes,Is Simon Gray Samantha Howard's wife?,no,Who is Simon Gray to Samantha Howard?,husband,79
Mia Flores is Melanie Flores's sister.,Mia Flores is Melanie Flores's ,sister,Is Mia Flores Melanie Flores's sister?,yes,Is Mia Flores Melanie Flores's uncle?,no,Who is Mia Flores to Melanie Flores?,sister,80
Quinn Gray is Rachel Gray's sister.,Quinn Gray is Rachel Gray's ,sister,Is Quinn Gray Rachel Gray's sister?,yes,Is Quinn Gray Rachel Gray's uncle?,no,Who is Quinn Gray to Rachel Gray?,sister,81
William Jenkins is Wesley Jenkins's brother.,William Jenkins is Wesley Jenkins's ,brother,Is William Jenkins Wesley Jenkins's brother?,yes,Is William Jenkins Wesley Jenkins's husband?,no,Who is William Jenkins to Wesley Jenkins?,brother,82
Sadie Brooks is Ruby Gray's mother.,Sadie Brooks is Ruby Gray's ,mother,Is Sadie Brooks Ruby Gray's mother?,yes,Is Sadie Brooks Ruby Gray's nephew?,no,Who is Sadie Brooks to Ruby Gray?,mother,83
Victor Hughes is Taylor Martinez's husband.,Victor Hughes is Taylor Martinez's ,husband,Is Victor Hughes Taylor Martinez's husband?,yes,Is Victor Hughes Taylor Martinez's sister?,no,Who is Victor Hughes to Taylor Martinez?,husband,84
Vivienne Simmons is Victoria Jenkins's mother.,Vivienne Simmons is Victoria Jenkins's ,mother,Is Vivienne Simmons Victoria Jenkins's mother?,yes,Is Vivienne Simmons Victoria Jenkins's nephew?,no,Who is Vivienne Simmons to Victoria Jenkins?,mother,85
Nicholas Flores is Oliver Flores's father.,Nicholas Flores is Oliver Flores's ,father,Is Nicholas Flores Oliver Flores's father?,yes,Is Nicholas Flores Oliver Flores's husband?,no,Who is Nicholas Flores to Oliver Flores?,father,86
Theodore Martinez is Scarlett Martinez's child.,Theodore Martinez is Scarlett Martinez's ,child,Is Theodore Martinez Scarlett Martinez's child?,yes,Is Theodore Martinez Scarlett Martinez's wife?,no,Who is Theodore Martinez to Scarlett Martinez?,child,87
Nicole Butler is Peter Parker's child.,Nicole Butler is Peter Parker's ,child,Is Nicole Butler Peter Parker's child?,yes,Is Nicole Butler Peter Parker's niece?,no,Who is Nicole Butler to Peter Parker?,child,88
Theodore Martinez is Steven Martinez's brother.,Theodore Martinez is Steven Martinez's ,brother,Is Theodore Martinez Steven Martinez's brother?,yes,Is Theodore Martinez Steven Martinez's aunt?,no,Who is Theodore Martinez to Steven Martinez?,brother,89
Sebastian Foster is Riley Foster's father.,Sebastian Foster is Riley Foster's ,father,Is Sebastian Foster Riley Foster's father?,yes,Is Sebastian Foster Riley Foster's child?,no,Who is Sebastian Foster to Riley Foster?,father,90
Sean Gray is Riley Foster's child.,Sean Gray is Riley Foster's ,child,Is Sean Gray Riley Foster's child?,yes,Is Sean Gray Riley Foster's nephew?,no,Who is Sean Gray to Riley Foster?,child,91
Shane Gray is Seth Gray's father.,Shane Gray is Seth Gray's ,father,Is Shane Gray Seth Gray's father?,yes,Is Shane Gray Seth Gray's uncle?,no,Who is Shane Gray to Seth Gray?,father,92
Olivia Ramirez is Preston Parker's mother.,Olivia Ramirez is Preston Parker's ,mother,Is Olivia Ramirez Preston Parker's mother?,yes,Is Olivia Ramirez Preston Parker's nephew?,no,Who is Olivia Ramirez to Preston Parker?,mother,93
Naomi Flores is Molly Flores's mother.,Naomi Flores is Molly Flores's ,mother,Is Naomi Flores Molly Flores's mother?,yes,Is Naomi Flores Molly Flores's brother?,no,Who is Naomi Flores to Molly Flores?,mother,94
Zoe Reed is Xander Jenkins's wife.,Zoe Reed is Xander Jenkins's ,wife,Is Zoe Reed Xander Jenkins's wife?,yes,Is Zoe Reed Xander Jenkins's niece?,no,Who is Zoe Reed to Xander Jenkins?,wife,95
Tristan Perry is Sophia Martinez's nephew.,Tristan Perry is Sophia Martinez's ,nephew,Is Tristan Perry Sophia Martinez's nephew?,yes,Is Tristan Perry Sophia Martinez's father?,no,Who is Tristan Perry to Sophia Martinez?,nephew,96
Seth Gray is Rachel Gray's father.,Seth Gray is Rachel Gray's ,father,Is Seth Gray Rachel Gray's father?,yes,Is Seth Gray Rachel Gray's brother?,no,Who is Seth Gray to Rachel Gray?,father,97
Reed Perry is Richard Perry's child.,Reed Perry is Richard Perry's ,child,Is Reed Perry Richard Perry's child?,yes,Is Reed Perry Richard Perry's uncle?,no,Who is Reed Perry to Richard Perry?,child,98
Molly Flores is Nolan Flores's sister.,Molly Flores is Nolan Flores's ,sister,Is Molly Flores Nolan Flores's sister?,yes,Is Molly Flores Nolan Flores's wife?,no,Who is Molly Flores to Nolan Flores?,sister,99
Savannah Gray is Thomas Martinez's child.,Savannah Gray is Thomas Martinez's ,child,Is Savannah Gray Thomas Martinez's child?,yes,Is Savannah Gray Thomas Martinez's niece?,no,Who is Savannah Gray to Thomas Martinez?,child,100
Nicole Butler is Patrick Butler's mother.,Nicole Butler is Patrick Butler's ,mother,Is Nicole Butler Patrick Butler's mother?,yes,Is Nicole Butler Patrick Butler's niece?,no,Who is Nicole Butler to Patrick Butler?,mother,101
William Jenkins is Wyatt Jenkins's child.,William Jenkins is Wyatt Jenkins's ,child,Is William Jenkins Wyatt Jenkins's child?,yes,Is William Jenkins Wyatt Jenkins's nephew?,no,Who is William Jenkins to Wyatt Jenkins?,child,102
Vivienne Simmons is Wesley Jenkins's mother.,Vivienne Simmons is Wesley Jenkins's ,mother,Is Vivienne Simmons Wesley Jenkins's mother?,yes,Is Vivienne Simmons Wesley Jenkins's brother?,no,Who is Vivienne Simmons to Wesley Jenkins?,mother,103
Seth Gray is Ruby Gray's brother.,Seth Gray is Ruby Gray's ,brother,Is Seth Gray Ruby Gray's brother?,yes,Is Seth Gray Ruby Gray's sister?,no,Who is Seth Gray to Ruby Gray?,brother,104
Raymond Perry is Reed Perry's brother.,Raymond Perry is Reed Perry's ,brother,Is Raymond Perry Reed Perry's brother?,yes,Is Raymond Perry Reed Perry's nephew?,no,Who is Raymond Perry to Reed Perry?,brother,105
Xavier Ross is Avery Ross's nephew.,Xavier Ross is Avery Ross's ,nephew,Is Xavier Ross Avery Ross's nephew?,yes,Is Xavier Ross Avery Ross's niece?,no,Who is Xavier Ross to Avery Ross?,nephew,106
Piper Bryant is Ryan Perry's wife.,Piper Bryant is Ryan Perry's ,wife,Is Piper Bryant Ryan Perry's wife?,yes,Is Piper Bryant Ryan Perry's husband?,no,Who is Piper Bryant to Ryan Perry?,wife,107
Preston Parker is Paige Howard's husband.,Preston Parker is Paige Howard's ,husband,Is Preston Parker Paige Howard's husband?,yes,Is Preston Parker Paige Howard's nephew?,no,Who is Preston Parker to Paige Howard?,husband,108
Tyler Martinez is Sophie Perry's father.,Tyler Martinez is Sophie Perry's ,father,Is Tyler Martinez Sophie Perry's father?,yes,Is Tyler Martinez Sophie Perry's brother?,no,Who is Tyler Martinez to Sophie Perry?,father,109
Theodore Martinez is Thomas Martinez's child.,Theodore Martinez is Thomas Martinez's ,child,Is Theodore Martinez Thomas Martinez's child?,yes,Is Theodore Martinez Thomas Martinez's father?,no,Who is Theodore Martinez to Thomas Martinez?,child,110
Reagan Parker is Riley Foster's mother.,Reagan Parker is Riley Foster's ,mother,Is Reagan Parker Riley Foster's mother?,yes,Is Reagan Parker Riley Foster's wife?,no,Who is Reagan Parker to Riley Foster?,mother,111
Natalie Foster is Oscar Butler's wife.,Natalie Foster is Oscar Butler's ,wife,Is Natalie Foster Oscar Butler's wife?,yes,Is Natalie Foster Oscar Butler's husband?,no,Who is Natalie Foster to Oscar Butler?,wife,112
Nicole Butler is Nora Long's child.,Nicole Butler is Nora Long's ,child,Is Nicole Butler Nora Long's child?,yes,Is Nicole Butler Nora Long's niece?,no,Who is Nicole Butler to Nora Long?,child,113
Sadie Brooks is Seth Gray's mother.,Sadie Brooks is Seth Gray's ,mother,Is Sadie Brooks Seth Gray's mother?,yes,Is Sadie Brooks Seth Gray's niece?,no,Who is Sadie Brooks to Seth Gray?,mother,114
Victor Hughes is Stella Hughes's father.,Victor Hughes is Stella Hughes's ,father,Is Victor Hughes Stella Hughes's father?,yes,Is Victor Hughes Stella Hughes's child?,no,Who is Victor Hughes to Stella Hughes?,father,115
Steven Martinez is Sarah Gray's uncle.,Steven Martinez is Sarah Gray's ,uncle,Is Steven Martinez Sarah Gray's uncle?,yes,Is Steven Martinez Sarah Gray's aunt?,no,Who is Steven Martinez to Sarah Gray?,uncle,116
Tobias Perry is Sienna Perry's husband.,Tobias Perry is Sienna Perry's ,husband,Is Tobias Perry Sienna Perry's husband?,yes,Is Tobias Perry Sienna Perry's aunt?,no,Who is Tobias Perry to Sienna Perry?,husband,117
Miles Parker is Michael Parker's father.,Miles Parker is Michael Parker's ,father,Is Miles Parker Michael Parker's father?,yes,Is Miles Parker Michael Parker's sister?,no,Who is Miles Parker to Michael Parker?,father,118
Taylor Martinez is Stella Hughes's mother.,Taylor Martinez is Stella Hughes's ,mother,Is Taylor Martinez Stella Hughes's mother?,yes,Is Taylor Martinez Stella Hughes's brother?,no,Who is Taylor Martinez to Stella Hughes?,mother,119
Vincent Hughes is Valentina Hughes's husband.,Vincent Hughes is Valentina Hughes's ,husband,Is Vincent Hughes Valentina Hughes's husband?,yes,Is Vincent Hughes Valentina Hughes's uncle?,no,Who is Vincent Hughes to Valentina Hughes?,husband,120
Molly Flores is Naomi Flores's child.,Molly Flores is Naomi Flores's ,child,Is Molly Flores Naomi Flores's child?,yes,Is Molly Flores Naomi Flores's mother?,no,Who is Molly Flores to Naomi Flores?,child,121
Quinn Gray is Ruby Gray's niece.,Quinn Gray is Ruby Gray's ,niece,Is Quinn Gray Ruby Gray's niece?,yes,Is Quinn Gray Ruby Gray's father?,no,Who is Quinn Gray to Ruby Gray?,niece,122
Thomas Martinez is Theodore Martinez's father.,Thomas Martinez is Theodore Martinez's ,father,Is Thomas Martinez Theodore Martinez's father?,yes,Is Thomas Martinez Theodore Martinez's husband?,no,Who is Thomas Martinez to Theodore Martinez?,father,123
Mila Flores is Oliver Flores's mother.,Mila Flores is Oliver Flores's ,mother,Is Mila Flores Oliver Flores's mother?,yes,Is Mila Flores Oliver Flores's sister?,no,Who is Mila Flores to Oliver Flores?,mother,124
Noah Flores is Molly Flores's brother.,Noah Flores is Molly Flores's ,brother,Is Noah Flores Molly Flores's brother?,yes,Is Noah Flores Molly Flores's niece?,no,Who is Noah Flores to Molly Flores?,brother,125
Trinity Jenkins is Victoria Jenkins's niece.,Trinity Jenkins is Victoria Jenkins's ,niece,Is Trinity Jenkins Victoria Jenkins's niece?,yes,Is Trinity Jenkins Victoria Jenkins's mother?,no,Who is Trinity Jenkins to Victoria Jenkins?,niece,126
Theodore Martinez is Sarah Gray's uncle.,Theodore Martinez is Sarah Gray's ,uncle,Is Theodore Martinez Sarah Gray's uncle?,yes,Is Theodore Martinez Sarah Gray's sister?,no,Who is Theodore Martinez to Sarah Gray?,uncle,127
Ruby Gray is Sadie Brooks's child.,Ruby Gray is Sadie Brooks's ,child,Is Ruby Gray Sadie Brooks's child?,yes,Is Ruby Gray Sadie Brooks's husband?,no,Who is Ruby Gray to Sadie Brooks?,child,128
Tristan Perry is Troy Perry's child.,Tristan Perry is Troy Perry's ,child,Is Tristan Perry Troy Perry's child?,yes,Is Tristan Perry Troy Perry's nephew?,no,Who is Tristan Perry to Troy Perry?,child,129
Victoria Jenkins is Violet Jenkins's sister.,Victoria Jenkins is Violet Jenkins's ,sister,Is Victoria Jenkins Violet Jenkins's sister?,yes,Is Victoria Jenkins Violet Jenkins's nephew?,no,Who is Victoria Jenkins to Violet Jenkins?,sister,130
Sophie Perry is Tyler Martinez's child.,Sophie Perry is Tyler Martinez's ,child,Is Sophie Perry Tyler Martinez's child?,yes,Is Sophie Perry Tyler Martinez's uncle?,no,Who is Sophie Perry to Tyler Martinez?,child,131
Penelope Foster is Samuel Foster's child.,Penelope Foster is Samuel Foster's ,child,Is Penelope Foster Samuel Foster's child?,yes,Is Penelope Foster Samuel Foster's niece?,no,Who is Penelope Foster to Samuel Foster?,child,132
Reagan Parker is Samuel Foster's mother.,Reagan Parker is Samuel Foster's ,mother,Is Reagan Parker Samuel Foster's mother?,yes,Is Reagan Parker Samuel Foster's husband?,no,Who is Reagan Parker to Samuel Foster?,mother,133
Parker Ross is Reid Perry's mother.,Parker Ross is Reid Perry's ,mother,Is Parker Ross Reid Perry's mother?,yes,Is Parker Ross Reid Perry's uncle?,no,Who is Parker Ross to Reid Perry?,mother,134
Thomas Martinez is Savannah Gray's father.,Thomas Martinez is Savannah Gray's ,father,Is Thomas Martinez Savannah Gray's father?,yes,Is Thomas Martinez Savannah Gray's niece?,no,Who is Thomas Martinez to Savannah Gray?,father,135
Stephen Martinez is Thomas Martinez's child.,Stephen Martinez is Thomas Martinez's ,child,Is Stephen Martinez Thomas Martinez's child?,yes,Is Stephen Martinez Thomas Martinez's wife?,no,Who is Stephen Martinez to Thomas Martinez?,child,136
Trinity Jenkins is Wesley Jenkins's niece.,Trinity Jenkins is Wesley Jenkins's ,niece,Is Trinity Jenkins Wesley Jenkins's niece?,yes,Is Trinity Jenkins Wesley Jenkins's child?,no,Who is Trinity Jenkins to Wesley Jenkins?,niece,137
Wyatt Jenkins is Vivienne Simmons's husband.,Wyatt Jenkins is Vivienne Simmons's ,husband,Is Wyatt Jenkins Vivienne Simmons's husband?,yes,Is Wyatt Jenkins Vivienne Simmons's nephew?,no,Who is Wyatt Jenkins to Vivienne Simmons?,husband,138
Nathan Flores is Nicholas Flores's child.,Nathan Flores is Nicholas Flores's ,child,Is Nathan Flores Nicholas Flores's child?,yes,Is Nathan Flores Nicholas Flores's niece?,no,Who is Nathan Flores to Nicholas Flores?,child,139
Trinity Jenkins is William Jenkins's child.,Trinity Jenkins is William Jenkins's ,child,Is Trinity Jenkins William Jenkins's child?,yes,Is Trinity Jenkins William Jenkins's husband?,no,Who is Trinity Jenkins to William Jenkins?,child,140
Sydney Evans is Sophie Perry's mother.,Sydney Evans is Sophie Perry's ,mother,Is Sydney Evans Sophie Perry's mother?,yes,Is Sydney Evans Sophie Perry's wife?,no,Who is Sydney Evans to Sophie Perry?,mother,141
Richard Perry is Quentin Perry's father.,Richard Perry is Quentin Perry's ,father,Is Richard Perry Quentin Perry's father?,yes,Is Richard Perry Quentin Perry's niece?,no,Who is Richard Perry to Quentin Perry?,father,142
Victoria Jenkins is William Jenkins's sister.,Victoria Jenkins is William Jenkins's ,sister,Is Victoria Jenkins William Jenkins's sister?,yes,Is Victoria Jenkins William Jenkins's mother?,no,Who is Victoria Jenkins to William Jenkins?,sister,143
Nora Long is Nicole Butler's mother.,Nora Long is Nicole Butler's ,mother,Is Nora Long Nicole Butler's mother?,yes,Is Nora Long Nicole Butler's wife?,no,Who is Nora Long to Nicole Butler?,mother,144
Seth Gray is Sean Gray's father.,Seth Gray is Sean Gray's ,father,Is Seth Gray Sean Gray's father?,yes,Is Seth Gray Sean Gray's child?,no,Who is Seth Gray to Sean Gray?,father,145
Tessa Jenkins is Wesley Jenkins's niece.,Tessa Jenkins is Wesley Jenkins's ,niece,Is Tessa Jenkins Wesley Jenkins's niece?,yes,Is Tessa Jenkins Wesley Jenkins's uncle?,no,Who is Tessa Jenkins to Wesley Jenkins?,niece,146
Oscar Butler is Natalie Foster's husband.,Oscar Butler is Natalie Foster's ,husband,Is Oscar Butler Natalie Foster's husband?,yes,Is Oscar Butler Natalie Foster's nephew?,no,Who is Oscar Butler to Natalie Foster?,husband,147
Seth Gray is Riley Foster's husband.,Seth Gray is Riley Foster's ,husband,Is Seth Gray Riley Foster's husband?,yes,Is Seth Gray Riley Foster's uncle?,no,Who is Seth Gray to Riley Foster?,husband,148
Tobias Perry is Serena Perry's father.,Tobias Perry is Serena Perry's ,father,Is Tobias Perry Serena Perry's father?,yes,Is Tobias Perry Serena Perry's husband?,no,Who is Tobias Perry to Serena Perry?,father,149
Paige Howard is Preston Parker's wife.,Paige Howard is Preston Parker's ,wife,Is Paige Howard Preston Parker's wife?,yes,Is Paige Howard Preston Parker's mother?,no,Who is Paige Howard to Preston Parker?,wife,150
Savannah Gray is Sarah Gray's mother.,Savannah Gray is Sarah Gray's ,mother,Is Savannah Gray Sarah Gray's mother?,yes,Is Savannah Gray Sarah Gray's wife?,no,Who is Savannah Gray to Sarah Gray?,mother,151
Sophie Perry is Sophia Martinez's sister.,Sophie Perry is Sophia Martinez's ,sister,Is Sophie Perry Sophia Martinez's sister?,yes,Is Sophie Perry Sophia Martinez's nephew?,no,Who is Sophie Perry to Sophia Martinez?,sister,152
Reagan Parker is Sebastian Foster's wife.,Reagan Parker is Sebastian Foster's ,wife,Is Reagan Parker Sebastian Foster's wife?,yes,Is Reagan Parker Sebastian Foster's niece?,no,Who is Reagan Parker to Sebastian Foster?,wife,153
Thomas Martinez is Scarlett Martinez's husband.,Thomas Martinez is Scarlett Martinez's ,husband,Is Thomas Martinez Scarlett Martinez's husband?,yes,Is Thomas Martinez Scarlett Martinez's child?,no,Who is Thomas Martinez to Scarlett Martinez?,husband,154
Steven Martinez is Theodore Martinez's brother.,Steven Martinez is Theodore Martinez's ,brother,Is Steven Martinez Theodore Martinez's brother?,yes,Is Steven Martinez Theodore Martinez's husband?,no,Who is Steven Martinez to Theodore Martinez?,brother,155
Tyler Martinez is Sydney Evans's husband.,Tyler Martinez is Sydney Evans's ,husband,Is Tyler Martinez Sydney Evans's husband?,yes,Is Tyler Martinez Sydney Evans's sister?,no,Who is Tyler Martinez to Sydney Evans?,husband,156
Peter Parker is Nicole Butler's father.,Peter Parker is Nicole Butler's ,father,Is Peter Parker Nicole Butler's father?,yes,Is Peter Parker Nicole Butler's aunt?,no,Who is Peter Parker to Nicole Butler?,father,157
Summer Hughes is Taylor Martinez's child.,Summer Hughes is Taylor Martinez's ,child,Is Summer Hughes Taylor Martinez's child?,yes,Is Summer Hughes Taylor Martinez's uncle?,no,Who is Summer Hughes to Taylor Martinez?,child,158
Michael Parker is Maya Diaz's husband.,Michael Parker is Maya Diaz's ,husband,Is Michael Parker Maya Diaz's husband?,yes,Is Michael Parker Maya Diaz's niece?,no,Who is Michael Parker to Maya Diaz?,husband,159
Quinn Gray is Sean Gray's sister.,Quinn Gray is Sean Gray's ,sister,Is Quinn Gray Sean Gray's sister?,yes,Is Quinn Gray Sean Gray's aunt?,no,Who is Quinn Gray to Sean Gray?,sister,160
Vivienne Simmons is Violet Jenkins's mother.,Vivienne Simmons is Violet Jenkins's ,mother,Is Vivienne Simmons Violet Jenkins's mother?,yes,Is Vivienne Simmons Violet Jenkins's child?,no,Who is Vivienne Simmons to Violet Jenkins?,mother,161
Violet Jenkins is Wesley Jenkins's sister.,Violet Jenkins is Wesley Jenkins's ,sister,Is Violet Jenkins Wesley Jenkins's sister?,yes,Is Violet Jenkins Wesley Jenkins's aunt?,no,Who is Violet Jenkins to Wesley Jenkins?,sister,162
Quentin Perry is Reid Perry's brother.,Quentin Perry is Reid Perry's ,brother,Is Quentin Perry Reid Perry's brother?,yes,Is Quentin Perry Reid Perry's uncle?,no,Who is Quentin Perry to Reid Perry?,brother,163
Mia Flores is Michelle Evans's child.,Mia Flores is Michelle Evans's ,child,Is Mia Flores Michelle Evans's child?,yes,Is Mia Flores Michelle Evans's uncle?,no,Who is Mia Flores to Michelle Evans?,child,164
Victoria Jenkins is Wyatt Jenkins's child.,Victoria Jenkins is Wyatt Jenkins's ,child,Is Victoria Jenkins Wyatt Jenkins's child?,yes,Is Victoria Jenkins Wyatt Jenkins's brother?,no,Who is Victoria Jenkins to Wyatt Jenkins?,child,165
Robert Perry is Richard Perry's father.,Robert Perry is Richard Perry's ,father,Is Robert Perry Richard Perry's father?,yes,Is Robert Perry Richard Perry's wife?,no,Who is Robert Perry to Richard Perry?,father,166
Raymond Perry is Parker Ross's child.,Raymond Perry is Parker Ross's ,child,Is Raymond Perry Parker Ross's child?,yes,Is Raymond Perry Parker Ross's mother?,no,Who is Raymond Perry to Parker Ross?,child,167
Molly Flores is Oliver Flores's child.,Molly Flores is Oliver Flores's ,child,Is Molly Flores Oliver Flores's child?,yes,Is Molly Flores Oliver Flores's mother?,no,Who is Molly Flores to Oliver Flores?,child,168
Skylar Bailey is Xavier Ross's mother.,Skylar Bailey is Xavier Ross's ,mother,Is Skylar Bailey Xavier Ross's mother?,yes,Is Skylar Bailey Xavier Ross's niece?,no,Who is Skylar Bailey to Xavier Ross?,mother,169
Poppy Perry is Samuel Foster's wife.,Poppy Perry is Samuel Foster's ,wife,Is Poppy Perry Samuel Foster's wife?,yes,Is Poppy Perry Samuel Foster's uncle?,no,Who is Poppy Perry to Samuel Foster?,wife,170
Scarlett Martinez is Savannah Gray's mother.,Scarlett Martinez is Savannah Gray's ,mother,Is Scarlett Martinez Savannah Gray's mother?,yes,Is Scarlett Martinez Savannah Gray's aunt?,no,Who is Scarlett Martinez to Savannah Gray?,mother,171
Michelle Evans is Nathan Flores's wife.,Michelle Evans is Nathan Flores's ,wife,Is Michelle Evans Nathan Flores's wife?,yes,Is Michelle Evans Nathan Flores's father?,no,Who is Michelle Evans to Nathan Flores?,wife,172
William Jenkins is Violet Jenkins's brother.,William Jenkins is Violet Jenkins's ,brother,Is William Jenkins Violet Jenkins's brother?,yes,Is William Jenkins Violet Jenkins's child?,no,Who is William Jenkins to Violet Jenkins?,brother,173
Scarlett Martinez is Thomas Martinez's wife.,Scarlett Martinez is Thomas Martinez's ,wife,Is Scarlett Martinez Thomas Martinez's wife?,yes,Is Scarlett Martinez Thomas Martinez's husband?,no,Who is Scarlett Martinez to Thomas Martinez?,wife,174
Nicholas Flores is Nathan Flores's father.,Nicholas Flores is Nathan Flores's ,father,Is Nicholas Flores Nathan Flores's father?,yes,Is Nicholas Flores Nathan Flores's uncle?,no,Who is Nicholas Flores to Nathan Flores?,father,175
Ruby Gray is Scott Gray's aunt.,Ruby Gray is Scott Gray's ,aunt,Is Ruby Gray Scott Gray's aunt?,yes,Is Ruby Gray Scott Gray's nephew?,no,Who is Ruby Gray to Scott Gray?,aunt,176
Parker Ross is Quentin Perry's mother.,Parker Ross is Quentin Perry's ,mother,Is Parker Ross Quentin Perry's mother?,yes,Is Parker Ross Quentin Perry's sister?,no,Who is Parker Ross to Quentin Perry?,mother,177
Thomas Martinez is Stephen Martinez's father.,Thomas Martinez is Stephen Martinez's ,father,Is Thomas Martinez Stephen Martinez's father?,yes,Is Thomas Martinez Stephen Martinez's niece?,no,Who is Thomas Martinez to Stephen Martinez?,father,178
Tyler Martinez is Sophia Martinez's father.,Tyler Martinez is Sophia Martinez's ,father,Is Tyler Martinez Sophia Martinez's father?,yes,Is Tyler Martinez Sophia Martinez's brother?,no,Who is Tyler Martinez to Sophia Martinez?,father,179
Riley Foster is Scott Gray's mother.,Riley Foster is Scott Gray's ,mother,Is Riley Foster Scott Gray's mother?,yes,Is Riley Foster Scott Gray's niece?,no,Who is Riley Foster to Scott Gray?,mother,180
Vivienne Simmons is Xander Jenkins's mother.,Vivienne Simmons is Xander Jenkins's ,mother,Is Vivienne Simmons Xander Jenkins's mother?,yes,Is Vivienne Simmons Xander Jenkins's father?,no,Who is Vivienne Simmons to Xander Jenkins?,mother,181
Serena Perry is Sienna Perry's child.,Serena Perry is Sienna Perry's ,child,Is Serena Perry Sienna Perry's child?,yes,Is Serena Perry Sienna Perry's brother?,no,Who is Serena Perry to Sienna Perry?,child,182
Sienna Perry is Serena Perry's mother.,Sienna Perry is Serena Perry's ,mother,Is Sienna Perry Serena Perry's mother?,yes,Is Sienna Perry Serena Perry's child?,no,Who is Sienna Perry to Serena Perry?,mother,183
Richard Perry is Raymond Perry's father.,Richard Perry is Raymond Perry's ,father,Is Richard Perry Raymond Perry's father?,yes,Is Richard Perry Raymond Perry's wife?,no,Who is Richard Perry to Raymond Perry?,father,184
Sarah Gray is Spencer Gray's child.,Sarah Gray is Spencer Gray's ,child,Is Sarah Gray Spencer Gray's child?,yes,Is Sarah Gray Spencer Gray's wife?,no,Who is Sarah Gray to Spencer Gray?,child,185
Summer Hughes is Stella Hughes's sister.,Summer Hughes is Stella Hughes's ,sister,Is Summer Hughes Stella Hughes's sister?,yes,Is Summer Hughes Stella Hughes's father?,no,Who is Summer Hughes to Stella Hughes?,sister,186
Avery Ross is Xavier Ross's aunt.,Avery Ross is Xavier Ross's ,aunt,Is Avery Ross Xavier Ross's aunt?,yes,Is Avery Ross Xavier Ross's uncle?,no,Who is Avery Ross to Xavier Ross?,aunt,187
Noah Flores is Nolan Flores's brother.,Noah Flores is Nolan Flores's ,brother,Is Noah Flores Nolan Flores's brother?,yes,Is Noah Flores Nolan Flores's mother?,no,Who is Noah Flores to Nolan Flores?,brother,188
Victor Hughes is Valentina Hughes's child.,Victor Hughes is Valentina Hughes's ,child,Is Victor Hughes Valentina Hughes's child?,yes,Is Victor Hughes Valentina Hughes's aunt?,no,Who is Victor Hughes to Valentina Hughes?,child,189
Reid Perry is Quentin Perry's brother.,Reid Perry is Quentin Perry's ,brother,Is Reid Perry Quentin Perry's brother?,yes,Is Reid Perry Quentin Perry's wife?,no,Who is Reid Perry to Quentin Perry?,brother,190
Xavier Ross is Skylar Bailey's child.,Xavier Ross is Skylar Bailey's ,child,Is Xavier Ross Skylar Bailey's child?,yes,Is Xavier Ross Skylar Bailey's wife?,no,Who is Xavier Ross to Skylar Bailey?,child,191
Oscar Butler is Naomi Flores's father.,Oscar Butler is Naomi Flores's ,father,Is Oscar Butler Naomi Flores's father?,yes,Is Oscar Butler Naomi Flores's brother?,no,Who is Oscar Butler to Naomi Flores?,father,192
Serena Perry is Tobias Perry's child.,Serena Perry is Tobias Perry's ,child,Is Serena Perry Tobias Perry's child?,yes,Is Serena Perry Tobias Perry's brother?,no,Who is Serena Perry to Tobias Perry?,child,193
Robert Perry is Ryan Perry's child.,Robert Perry is Ryan Perry's ,child,Is Robert Perry Ryan Perry's child?,yes,Is Robert Perry Ryan Perry's aunt?,no,Who is Robert Perry to Ryan Perry?,child,194
Wyatt Jenkins is Xander Jenkins's father.,Wyatt Jenkins is Xander Jenkins's ,father,Is Wyatt Jenkins Xander Jenkins's father?,yes,Is Wyatt Jenkins Xander Jenkins's wife?,no,Who is Wyatt Jenkins to Xander Jenkins?,father,195
Ryan Perry is Robert Perry's father.,Ryan Perry is Robert Perry's ,father,Is Ryan Perry Robert Perry's father?,yes,Is Ryan Perry Robert Perry's niece?,no,Who is Ryan Perry to Robert Perry?,father,196
Victoria Jenkins is Wesley Jenkins's sister.,Victoria Jenkins is Wesley Jenkins's ,sister,Is Victoria Jenkins Wesley Jenkins's sister?,yes,Is Victoria Jenkins Wesley Jenkins's niece?,no,Who is Victoria Jenkins to Wesley Jenkins?,sister,197
Reid Perry is Reed Perry's brother.,Reid Perry is Reed Perry's ,brother,Is Reid Perry Reed Perry's brother?,yes,Is Reid Perry Reed Perry's wife?,no,Who is Reid Perry to Reed Perry?,brother,198
Richard Perry is Reed Perry's father.,Richard Perry is Reed Perry's ,father,Is Richard Perry Reed Perry's father?,yes,Is Richard Perry Reed Perry's aunt?,no,Who is Richard Perry to Reed Perry?,father,199
Nora Long is Peter Parker's wife.,Nora Long is Peter Parker's ,wife,Is Nora Long Peter Parker's wife?,yes,Is Nora Long Peter Parker's sister?,no,Who is Nora Long to Peter Parker?,wife,200
Trinity Jenkins is Violet Jenkins's niece.,Trinity Jenkins is Violet Jenkins's ,niece,Is Trinity Jenkins Violet Jenkins's niece?,yes,Is Trinity Jenkins Violet Jenkins's child?,no,Who is Trinity Jenkins to Violet Jenkins?,niece,201
Shelby Martinez is Timothy Martinez's wife.,Shelby Martinez is Timothy Martinez's ,wife,Is Shelby Martinez Timothy Martinez's wife?,yes,Is Shelby Martinez Timothy Martinez's uncle?,no,Who is Shelby Martinez to Timothy Martinez?,wife,202
Shane Gray is Sadie Brooks's husband.,Shane Gray is Sadie Brooks's ,husband,Is Shane Gray Sadie Brooks's husband?,yes,Is Shane Gray Sadie Brooks's brother?,no,Who is Shane Gray to Sadie Brooks?,husband,203
Sloane Lee is Zane Ross's wife.,Sloane Lee is Zane Ross's ,wife,Is Sloane Lee Zane Ross's wife?,yes,Is Sloane Lee Zane Ross's child?,no,Who is Sloane Lee to Zane Ross?,wife,204
Trinity Jenkins is Tessa Jenkins's sister.,Trinity Jenkins is Tessa Jenkins's ,sister,Is Trinity Jenkins Tessa Jenkins's sister?,yes,Is Trinity Jenkins Tessa Jenkins's uncle?,no,Who is Trinity Jenkins to Tessa Jenkins?,sister,205
Owen Butler is Paul Butler's child.,Owen Butler is Paul Butler's ,child,Is Owen Butler Paul Butler's child?,yes,Is Owen Butler Paul Butler's wife?,no,Who is Owen Butler to Paul Butler?,child,206
Quinn Gray is Seth Gray's child.,Quinn Gray is Seth Gray's ,child,Is Quinn Gray Seth Gray's child?,yes,Is Quinn Gray Seth Gray's husband?,no,Who is Quinn Gray to Seth Gray?,child,207
Piper Bryant is Robert Perry's mother.,Piper Bryant is Robert Perry's ,mother,Is Piper Bryant Robert Perry's mother?,yes,Is Piper Bryant Robert Perry's wife?,no,Who is Piper Bryant to Robert Perry?,mother,208
Stephen Martinez is Savannah Gray's brother.,Stephen Martinez is Savannah Gray's ,brother,Is Stephen Martinez Savannah Gray's brother?,yes,Is Stephen Martinez Savannah Gray's niece?,no,Who is Stephen Martinez to Savannah Gray?,brother,209
Payton Gray is Richard Perry's mother.,Payton Gray is Richard Perry's ,mother,Is Payton Gray Richard Perry's mother?,yes,Is Payton Gray Richard Perry's niece?,no,Who is Payton Gray to Richard Perry?,mother,210
Vincent Hughes is Victor Hughes's father.,Vincent Hughes is Victor Hughes's ,father,Is Vincent Hughes Victor Hughes's father?,yes,Is Vincent Hughes Victor Hughes's aunt?,no,Who is Vincent Hughes to Victor Hughes?,father,211
Ronan Foster is Penelope Foster's brother.,Ronan Foster is Penelope Foster's ,brother,Is Ronan Foster Penelope Foster's brother?,yes,Is Ronan Foster Penelope Foster's wife?,no,Who is Ronan Foster to Penelope Foster?,brother,212
Wesley Jenkins is Vivienne Simmons's child.,Wesley Jenkins is Vivienne Simmons's ,child,Is Wesley Jenkins Vivienne Simmons's child?,yes,Is Wesley Jenkins Vivienne Simmons's father?,no,Who is Wesley Jenkins to Vivienne Simmons?,child,213
Sophia Martinez is Tristan Perry's aunt.,Sophia Martinez is Tristan Perry's ,aunt,Is Sophia Martinez Tristan Perry's aunt?,yes,Is Sophia Martinez Tristan Perry's niece?,no,Who is Sophia Martinez to Tristan Perry?,aunt,214
Steven Martinez is Stephen Martinez's brother.,Steven Martinez is Stephen Martinez's ,brother,Is Steven Martinez Stephen Martinez's brother?,yes,Is Steven Martinez Stephen Martinez's niece?,no,Who is Steven Martinez to Stephen Martinez?,brother,215
Parker Ross is Reed Perry's mother.,Parker Ross is Reed Perry's ,mother,Is Parker Ross Reed Perry's mother?,yes,Is Parker Ross Reed Perry's niece?,no,Who is Parker Ross to Reed Perry?,mother,216
Tobias Perry is Sierra Perry's child.,Tobias Perry is Sierra Perry's ,child,Is Tobias Perry Sierra Perry's child?,yes,Is Tobias Perry Sierra Perry's niece?,no,Who is Tobias Perry to Sierra Perry?,child,217
Mila Flores is Nathan Flores's mother.,Mila Flores is Nathan Flores's ,mother,Is Mila Flores Nathan Flores's mother?,yes,Is Mila Flores Nathan Flores's sister?,no,Who is Mila Flores to Nathan Flores?,mother,218
Sean Gray is Scott Gray's brother.,Sean Gray is Scott Gray's ,brother,Is Sean Gray Scott Gray's brother?,yes,Is Sean Gray Scott Gray's husband?,no,Who is Sean Gray to Scott Gray?,brother,219
William Jenkins is Tessa Jenkins's father.,William Jenkins is Tessa Jenkins's ,father,Is William Jenkins Tessa Jenkins's father?,yes,Is William Jenkins Tessa Jenkins's niece?,no,Who is William Jenkins to Tessa Jenkins?,father,220
Victoria Jenkins is Vivienne Simmons's child.,Victoria Jenkins is Vivienne Simmons's ,child,Is Victoria Jenkins Vivienne Simmons's child?,yes,Is Victoria Jenkins Vivienne Simmons's uncle?,no,Who is Victoria Jenkins to Vivienne Simmons?,child,221
Sophia Martinez is Sophie Perry's sister.,Sophia Martinez is Sophie Perry's ,sister,Is Sophia Martinez Sophie Perry's sister?,yes,Is Sophia Martinez Sophie Perry's brother?,no,Who is Sophia Martinez to Sophie Perry?,sister,222
Mila Flores is Nicholas Flores's wife.,Mila Flores is Nicholas Flores's ,wife,Is Mila Flores Nicholas Flores's wife?,yes,Is Mila Flores Nicholas Flores's husband?,no,Who is Mila Flores to Nicholas Flores?,wife,223
Sydney Evans is Sophia Martinez's mother.,Sydney Evans is Sophia Martinez's ,mother,Is Sydney Evans Sophia Martinez's mother?,yes,Is Sydney Evans Sophia Martinez's husband?,no,Who is Sydney Evans to Sophia Martinez?,mother,224
Zachary Ross is Avery Ross's brother.,Zachary Ross is Avery Ross's ,brother,Is Zachary Ross Avery Ross's brother?,yes,Is Zachary Ross Avery Ross's mother?,no,Who is Zachary Ross to Avery Ross?,brother,225
Ryan Perry is Piper Bryant's husband.,Ryan Perry is Piper Bryant's ,husband,Is Ryan Perry Piper Bryant's husband?,yes,Is Ryan Perry Piper Bryant's aunt?,no,Who is Ryan Perry to Piper Bryant?,husband,226
Ronan Foster is Poppy Perry's child.,Ronan Foster is Poppy Perry's ,child,Is Ronan Foster Poppy Perry's child?,yes,Is Ronan Foster Poppy Perry's brother?,no,Who is Ronan Foster to Poppy Perry?,child,227
Tobias Perry is Travis Perry's child.,Tobias Perry is Travis Perry's ,child,Is Tobias Perry Travis Perry's child?,yes,Is Tobias Perry Travis Perry's sister?,no,Who is Tobias Perry to Travis Perry?,child,228
Nolan Flores is Molly Flores's brother.,Nolan Flores is Molly Flores's ,brother,Is Nolan Flores Molly Flores's brother?,yes,Is Nolan Flores Molly Flores's husband?,no,Who is Nolan Flores to Molly Flores?,brother,229
Steven Martinez is Scarlett Martinez's child.,Steven Martinez is Scarlett Martinez's ,child,Is Steven Martinez Scarlett Martinez's child?,yes,Is Steven Martinez Scarlett Martinez's husband?,no,Who is Steven Martinez to Scarlett Martinez?,child,230
Willow Ross is Xavier Ross's child.,Willow Ross is Xavier Ross's ,child,Is Willow Ross Xavier Ross's child?,yes,Is Willow Ross Xavier Ross's husband?,no,Who is Willow Ross to Xavier Ross?,child,231
William Jenkins is Trinity Jenkins's father.,William Jenkins is Trinity Jenkins's ,father,Is William Jenkins Trinity Jenkins's father?,yes,Is William Jenkins Trinity Jenkins's niece?,no,Who is William Jenkins to Trinity Jenkins?,father,232
Zane Ross is Avery Ross's father.,Zane Ross is Avery Ross's ,father,Is Zane Ross Avery Ross's father?,yes,Is Zane Ross Avery Ross's nephew?,no,Who is Zane Ross to Avery Ross?,father,233
Rachel Gray is Ruby Gray's niece.,Rachel Gray is Ruby Gray's ,niece,Is Rachel Gray Ruby Gray's niece?,yes,Is Rachel Gray Ruby Gray's mother?,no,Who is Rachel Gray to Ruby Gray?,niece,234
Richard Perry is Parker Ross's husband.,Richard Perry is Parker Ross's ,husband,Is Richard Perry Parker Ross's husband?,yes,Is Richard Perry Parker Ross's aunt?,no,Who is Richard Perry to Parker Ross?,husband,235
William Jenkins is Victoria Jenkins's brother.,William Jenkins is Victoria Jenkins's ,brother,Is William Jenkins Victoria Jenkins's brother?,yes,Is William Jenkins Victoria Jenkins's father?,no,Who is William Jenkins to Victoria Jenkins?,brother,236
Natalie Foster is Naomi Flores's mother.,Natalie Foster is Naomi Flores's ,mother,Is Natalie Foster Naomi Flores's mother?,yes,Is Natalie Foster Naomi Flores's uncle?,no,Who is Natalie Foster to Naomi Flores?,mother,237
Melanie Flores is Nathan Flores's child.,Melanie Flores is Nathan Flores's ,child,Is Melanie Flores Nathan Flores's child?,yes,Is Melanie Flores Nathan Flores's wife?,no,Who is Melanie Flores to Nathan Flores?,child,238
Raymond Perry is Richard Perry's child.,Raymond Perry is Richard Perry's ,child,Is Raymond Perry Richard Perry's child?,yes,Is Raymond Perry Richard Perry's father?,no,Who is Raymond Perry to Richard Perry?,child,239
Victor Hughes is Summer Hughes's father.,Victor Hughes is Summer Hughes's ,father,Is Victor Hughes Summer Hughes's father?,yes,Is Victor Hughes Summer Hughes's sister?,no,Who is Victor Hughes to Summer Hughes?,father,240
Tessa Jenkins is Violet Jenkins's niece.,Tessa Jenkins is Violet Jenkins's ,niece,Is Tessa Jenkins Violet Jenkins's niece?,yes,Is Tessa Jenkins Violet Jenkins's aunt?,no,Who is Tessa Jenkins to Violet Jenkins?,niece,241
Nathan Flores is Mila Flores's child.,Nathan Flores is Mila Flores's ,child,Is Nathan Flores Mila Flores's child?,yes,Is Nathan Flores Mila Flores's mother?,no,Who is Nathan Flores to Mila Flores?,child,242
Zachary Ross is Skylar Bailey's husband.,Zachary Ross is Skylar Bailey's ,husband,Is Zachary Ross Skylar Bailey's husband?,yes,Is Zachary Ross Skylar Bailey's mother?,no,Who is Zachary Ross to Skylar Bailey?,husband,243
Violet Jenkins is William Jenkins's sister.,Violet Jenkins is William Jenkins's ,sister,Is Violet Jenkins William Jenkins's sister?,yes,Is Violet Jenkins William Jenkins's aunt?,no,Who is Violet Jenkins to William Jenkins?,sister,244
Simon Gray is Spencer Gray's father.,Simon Gray is Spencer Gray's ,father,Is Simon Gray Spencer Gray's father?,yes,Is Simon Gray Spencer Gray's aunt?,no,Who is Simon Gray to Spencer Gray?,father,245
Nolan Flores is Noah Flores's brother.,Nolan Flores is Noah Flores's ,brother,Is Nolan Flores Noah Flores's brother?,yes,Is Nolan Flores Noah Flores's father?,no,Who is Nolan Flores to Noah Flores?,brother,246
Violet Jenkins is Wyatt Jenkins's child.,Violet Jenkins is Wyatt Jenkins's ,child,Is Violet Jenkins Wyatt Jenkins's child?,yes,Is Violet Jenkins Wyatt Jenkins's nephew?,no,Who is Violet Jenkins to Wyatt Jenkins?,child,247
Valentina Hughes is Victor Hughes's mother.,Valentina Hughes is Victor Hughes's ,mother,Is Valentina Hughes Victor Hughes's mother?,yes,Is Valentina Hughes Victor Hughes's brother?,no,Who is Valentina Hughes to Victor Hughes?,mother,248
Mia Flores is Michael Parker's mother.,Mia Flores is Michael Parker's ,mother,Is Mia Flores Michael Parker's mother?,yes,Is Mia Flores Michael Parker's child?,no,Who is Mia Flores to Michael Parker?,mother,249
Nicole Butler is Owen Butler's mother.,Nicole Butler is Owen Butler's ,mother,Is Nicole Butler Owen Butler's mother?,yes,Is Nicole Butler Owen Butler's wife?,no,Who is Nicole Butler to Owen Butler?,mother,250
Riley Foster is Rachel Gray's mother.,Riley Foster is Rachel Gray's ,mother,Is Riley Foster Rachel Gray's mother?,yes,Is Riley Foster Rachel Gray's brother?,no,Who is Riley Foster to Rachel Gray?,mother,251
Philip Parker is Olivia Ramirez's husband.,Philip Parker is Olivia Ramirez's ,husband,Is Philip Parker Olivia Ramirez's husband?,yes,Is Philip Parker Olivia Ramirez's nephew?,no,Who is Philip Parker to Olivia Ramirez?,husband,252
Sophie Perry is Sydney Evans's child.,Sophie Perry is Sydney Evans's ,child,Is Sophie Perry Sydney Evans's child?,yes,Is Sophie Perry Sydney Evans's sister?,no,Who is Sophie Perry to Sydney Evans?,child,253
Shane Gray is Simon Gray's father.,Shane Gray is Simon Gray's ,father,Is Shane Gray Simon Gray's father?,yes,Is Shane Gray Simon Gray's child?,no,Who is Shane Gray to Simon Gray?,father,254
William Jenkins is Vanessa Jenkins's husband.,William Jenkins is Vanessa Jenkins's ,husband,Is William Jenkins Vanessa Jenkins's husband?,yes,Is William Jenkins Vanessa Jenkins's niece?,no,Who is William Jenkins to Vanessa Jenkins?,husband,255
Savannah Gray is Stephen Martinez's sister.,Savannah Gray is Stephen Martinez's ,sister,Is Savannah Gray Stephen Martinez's sister?,yes,Is Savannah Gray Stephen Martinez's niece?,no,Who is Savannah Gray to Stephen Martinez?,sister,256
Rachel Gray is Sean Gray's sister.,Rachel Gray is Sean Gray's ,sister,Is Rachel Gray Sean Gray's sister?,yes,Is Rachel Gray Sean Gray's wife?,no,Who is Rachel Gray to Sean Gray?,sister,257
Michael Parker is Miles Parker's child.,Michael Parker is Miles Parker's ,child,Is Michael Parker Miles Parker's child?,yes,Is Michael Parker Miles Parker's brother?,no,Who is Michael Parker to Miles Parker?,child,258
Noah Flores is Naomi Flores's child.,Noah Flores is Naomi Flores's ,child,Is Noah Flores Naomi Flores's child?,yes,Is Noah Flores Naomi Flores's brother?,no,Who is Noah Flores to Naomi Flores?,child,259
Quinn Gray is Riley Foster's child.,Quinn Gray is Riley Foster's ,child,Is Quinn Gray Riley Foster's child?,yes,Is Quinn Gray Riley Foster's mother?,no,Who is Quinn Gray to Riley Foster?,child,260
Violet Jenkins is Victoria Jenkins's sister.,Violet Jenkins is Victoria Jenkins's ,sister,Is Violet Jenkins Victoria Jenkins's sister?,yes,Is Violet Jenkins Victoria Jenkins's aunt?,no,Who is Violet Jenkins to Victoria Jenkins?,sister,261
Reed Perry is Reid Perry's brother.,Reed Perry is Reid Perry's ,brother,Is Reed Perry Reid Perry's brother?,yes,Is Reed Perry Reid Perry's child?,no,Who is Reed Perry to Reid Perry?,brother,262
Quentin Perry is Reed Perry's brother.,Quentin Perry is Reed Perry's ,brother,Is Quentin Perry Reed Perry's brother?,yes,Is Quentin Perry Reed Perry's sister?,no,Who is Quentin Perry to Reed Perry?,brother,263
Reid Perry is Parker Ross's child.,Reid Perry is Parker Ross's ,child,Is Reid Perry Parker Ross's child?,yes,Is Reid Perry Parker Ross's husband?,no,Who is Reid Perry to Parker Ross?,child,264
Violet Jenkins is Trinity Jenkins's aunt.,Violet Jenkins is Trinity Jenkins's ,aunt,Is Violet Jenkins Trinity Jenkins's aunt?,yes,Is Violet Jenkins Trinity Jenkins's child?,no,Who is Violet Jenkins to Trinity Jenkins?,aunt,265
Scarlett Martinez is Theodore Martinez's mother.,Scarlett Martinez is Theodore Martinez's ,mother,Is Scarlett Martinez Theodore Martinez's mother?,yes,Is Scarlett Martinez Theodore Martinez's sister?,no,Who is Scarlett Martinez to Theodore Martinez?,mother,266
Robert Perry is Payton Gray's husband.,Robert Perry is Payton Gray's ,husband,Is Robert Perry Payton Gray's husband?,yes,Is Robert Perry Payton Gray's uncle?,no,Who is Robert Perry to Payton Gray?,husband,267
Tyler Martinez is Taylor Martinez's father.,Tyler Martinez is Taylor Martinez's ,father,Is Tyler Martinez Taylor Martinez's father?,yes,Is Tyler Martinez Taylor Martinez's nephew?,no,Who is Tyler Martinez to Taylor Martinez?,father,268
Vanessa Jenkins is Tessa Jenkins's mother.,Vanessa Jenkins is Tessa Jenkins's ,mother,Is Vanessa Jenkins Tessa Jenkins's mother?,yes,Is Vanessa Jenkins Tessa Jenkins's father?,no,Who is Vanessa Jenkins to Tessa Jenkins?,mother,269
Taylor Martinez is Summer Hughes's mother.,Taylor Martinez is Summer Hughes's ,mother,Is Taylor Martinez Summer Hughes's mother?,yes,Is Taylor Martinez Summer Hughes's father?,no,Who is Taylor Martinez to Summer Hughes?,mother,270
Ruby Gray is Rachel Gray's aunt.,Ruby Gray is Rachel Gray's ,aunt,Is Ruby Gray Rachel Gray's aunt?,yes,Is Ruby Gray Rachel Gray's uncle?,no,Who is Ruby Gray to Rachel Gray?,aunt,271
Xavier Ross is Zoey Jenkins's husband.,Xavier Ross is Zoey Jenkins's ,husband,Is Xavier Ross Zoey Jenkins's husband?,yes,Is Xavier Ross Zoey Jenkins's child?,no,Who is Xavier Ross to Zoey Jenkins?,husband,272
Sophia Martinez is Tyler Martinez's child.,Sophia Martinez is Tyler Martinez's ,child,Is Sophia Martinez Tyler Martinez's child?,yes,Is Sophia Martinez Tyler Martinez's nephew?,no,Who is Sophia Martinez to Tyler Martinez?,child,273
Stephen Martinez is Sarah Gray's uncle.,Stephen Martinez is Sarah Gray's ,uncle,Is Stephen Martinez Sarah Gray's uncle?,yes,Is Stephen Martinez Sarah Gray's child?,no,Who is Stephen Martinez to Sarah Gray?,uncle,274
Sean Gray is Rachel Gray's brother.,Sean Gray is Rachel Gray's ,brother,Is Sean Gray Rachel Gray's brother?,yes,Is Sean Gray Rachel Gray's mother?,no,Who is Sean Gray to Rachel Gray?,brother,275
Samuel Foster is Sebastian Foster's child.,Samuel Foster is Sebastian Foster's ,child,Is Samuel Foster Sebastian Foster's child?,yes,Is Samuel Foster Sebastian Foster's father?,no,Who is Samuel Foster to Sebastian Foster?,child,276
Seth Gray is Scott Gray's father.,Seth Gray is Scott Gray's ,father,Is Seth Gray Scott Gray's father?,yes,Is Seth Gray Scott Gray's sister?,no,Who is Seth Gray to Scott Gray?,father,277
Samuel Foster is Poppy Perry's husband.,Samuel Foster is Poppy Perry's ,husband,Is Samuel Foster Poppy Perry's husband?,yes,Is Samuel Foster Poppy Perry's uncle?,no,Who is Samuel Foster to Poppy Perry?,husband,278
Zane Ross is Sloane Lee's husband.,Zane Ross is Sloane Lee's ,husband,Is Zane Ross Sloane Lee's husband?,yes,Is Zane Ross Sloane Lee's aunt?,no,Who is Zane Ross to Sloane Lee?,husband,279
Sierra Perry is Travis Perry's wife.,Sierra Perry is Travis Perry's ,wife,Is Sierra Perry Travis Perry's wife?,yes,Is Sierra Perry Travis Perry's uncle?,no,Who is Sierra Perry to Travis Perry?,wife,280
Vanessa Jenkins is Trinity Jenkins's mother.,Vanessa Jenkins is Trinity Jenkins's ,mother,Is Vanessa Jenkins Trinity Jenkins's mother?,yes,Is Vanessa Jenkins Trinity Jenkins's nephew?,no,Who is Vanessa Jenkins to Trinity Jenkins?,mother,281
Ruby Gray is Seth Gray's sister.,Ruby Gray is Seth Gray's ,sister,Is Ruby Gray Seth Gray's sister?,yes,Is Ruby Gray Seth Gray's father?,no,Who is Ruby Gray to Seth Gray?,sister,282
Avery Ross is Zachary Ross's sister.,Avery Ross is Zachary Ross's ,sister,Is Avery Ross Zachary Ross's sister?,yes,Is Avery Ross Zachary Ross's mother?,no,Who is Avery Ross to Zachary Ross?,sister,283
Zachary Ross is Sloane Lee's child.,Zachary Ross is Sloane Lee's ,child,Is Zachary Ross Sloane Lee's child?,yes,Is Zachary Ross Sloane Lee's nephew?,no,Who is Zachary Ross to Sloane Lee?,child,284
Victor Hughes is Vincent Hughes's child.,Victor Hughes is Vincent Hughes's ,child,Is Victor Hughes Vincent Hughes's child?,yes,Is Victor Hughes Vincent Hughes's sister?,no,Who is Victor Hughes to Vincent Hughes?,child,285
Thomas Martinez is Timothy Martinez's child.,Thomas Martinez is Timothy Martinez's ,child,Is Thomas Martinez Timothy Martinez's child?,yes,Is Thomas Martinez Timothy Martinez's niece?,no,Who is Thomas Martinez to Timothy Martinez?,child,286
Zachary Ross is Zane Ross's child.,Zachary Ross is Zane Ross's ,child,Is Zachary Ross Zane Ross's child?,yes,Is Zachary Ross Zane Ross's aunt?,no,Who is Zachary Ross to Zane Ross?,child,287
Victoria Jenkins is Tessa Jenkins's aunt.,Victoria Jenkins is Tessa Jenkins's ,aunt,Is Victoria Jenkins Tessa Jenkins's aunt?,yes,Is Victoria Jenkins Tessa Jenkins's nephew?,no,Who is Victoria Jenkins to Tessa Jenkins?,aunt,288
Seth Gray is Quinn Gray's father.,Seth Gray is Quinn Gray's ,father,Is Seth Gray Quinn Gray's father?,yes,Is Seth Gray Quinn Gray's sister?,no,Who is Seth Gray to Quinn Gray?,father,289
Tessa Jenkins is Victoria Jenkins's niece.,Tessa Jenkins is Victoria Jenkins's ,niece,Is Tessa Jenkins Victoria Jenkins's niece?,yes,Is Tessa Jenkins Victoria Jenkins's sister?,no,Who is Tessa Jenkins to Victoria Jenkins?,niece,290
Vanessa Jenkins is William Jenkins's wife.,Vanessa Jenkins is William Jenkins's ,wife,Is Vanessa Jenkins William Jenkins's wife?,yes,Is Vanessa Jenkins William Jenkins's child?,no,Who is Vanessa Jenkins to William Jenkins?,wife,291
Stella Hughes is Taylor Martinez's child.,Stella Hughes is Taylor Martinez's ,child,Is Stella Hughes Taylor Martinez's child?,yes,Is Stella Hughes Taylor Martinez's father?,no,Who is Stella Hughes to Taylor Martinez?,child,292
Paul Butler is Nicole Butler's husband.,Paul Butler is Nicole Butler's ,husband,Is Paul Butler Nicole Butler's husband?,yes,Is Paul Butler Nicole Butler's wife?,no,Who is Paul Butler to Nicole Butler?,husband,293
Nathan Flores is Mia Flores's father.,Nathan Flores is Mia Flores's ,father,Is Nathan Flores Mia Flores's father?,yes,Is Nathan Flores Mia Flores's sister?,no,Who is Nathan Flores to Mia Flores?,father,294
Victoria Jenkins is Trinity Jenkins's aunt.,Victoria Jenkins is Trinity Jenkins's ,aunt,Is Victoria Jenkins Trinity Jenkins's aunt?,yes,Is Victoria Jenkins Trinity Jenkins's mother?,no,Who is Victoria Jenkins to Trinity Jenkins?,aunt,295
Miles Parker is Mia Flores's husband.,Miles Parker is Mia Flores's ,husband,Is Miles Parker Mia Flores's husband?,yes,Is Miles Parker Mia Flores's wife?,no,Who is Miles Parker to Mia Flores?,husband,296
Rachel Gray is Seth Gray's child.,Rachel Gray is Seth Gray's ,child,Is Rachel Gray Seth Gray's child?,yes,Is Rachel Gray Seth Gray's wife?,no,Who is Rachel Gray to Seth Gray?,child,297
Oliver Flores is Nolan Flores's father.,Oliver Flores is Nolan Flores's ,father,Is Oliver Flores Nolan Flores's father?,yes,Is Oliver Flores Nolan Flores's child?,no,Who is Oliver Flores to Nolan Flores?,father,298
Theodore Martinez is Savannah Gray's brother.,Theodore Martinez is Savannah Gray's ,brother,Is Theodore Martinez Savannah Gray's brother?,yes,Is Theodore Martinez Savannah Gray's nephew?,no,Who is Theodore Martinez to Savannah Gray?,brother,299
Samuel Foster is Penelope Foster's father.,Samuel Foster is Penelope Foster's ,father,Is Samuel Foster Penelope Foster's father?,yes,Is Samuel Foster Penelope Foster's brother?,no,Who is Samuel Foster to Penelope Foster?,father,300
William Jenkins is Vivienne Simmons's child.,William Jenkins is Vivienne Simmons's ,child,Is William Jenkins Vivienne Simmons's child?,yes,Is William Jenkins Vivienne Simmons's aunt?,no,Who is William Jenkins to Vivienne Simmons?,child,301
Tessa Jenkins is William Jenkins's child.,Tessa Jenkins is William Jenkins's ,child,Is Tessa Jenkins William Jenkins's child?,yes,Is Tessa Jenkins William Jenkins's aunt?,no,Who is Tessa Jenkins to William Jenkins?,child,302
Sydney Evans is Taylor Martinez's mother.,Sydney Evans is Taylor Martinez's ,mother,Is Sydney Evans Taylor Martinez's mother?,yes,Is Sydney Evans Taylor Martinez's aunt?,no,Who is Sydney Evans to Taylor Martinez?,mother,303
Scott Gray is Ruby Gray's nephew.,Scott Gray is Ruby Gray's ,nephew,Is Scott Gray Ruby Gray's nephew?,yes,Is Scott Gray Ruby Gray's niece?,no,Who is Scott Gray to Ruby Gray?,nephew,304
Troy Perry is Sophie Perry's husband.,Troy Perry is Sophie Perry's ,husband,Is Troy Perry Sophie Perry's husband?,yes,Is Troy Perry Sophie Perry's aunt?,no,Who is Troy Perry to Sophie Perry?,husband,305
Travis Perry is Troy Perry's father.,Travis Perry is Troy Perry's ,father,Is Travis Perry Troy Perry's father?,yes,Is Travis Perry Troy Perry's brother?,no,Who is Travis Perry to Troy Perry?,father,306
Scott Gray is Rachel Gray's brother.,Scott Gray is Rachel Gray's ,brother,Is Scott Gray Rachel Gray's brother?,yes,Is Scott Gray Rachel Gray's wife?,no,Who is Scott Gray to Rachel Gray?,brother,307
Melanie Flores is Michelle Evans's child.,Melanie Flores is Michelle Evans's ,child,Is Melanie Flores Michelle Evans's child?,yes,Is Melanie Flores Michelle Evans's sister?,no,Who is Melanie Flores to Michelle Evans?,child,308
Michelle Evans is Mia Flores's mother.,Michelle Evans is Mia Flores's ,mother,Is Michelle Evans Mia Flores's mother?,yes,Is Michelle Evans Mia Flores's brother?,no,Who is Michelle Evans to Mia Flores?,mother,309
Sophie Perry is Tristan Perry's mother.,Sophie Perry is Tristan Perry's ,mother,Is Sophie Perry Tristan Perry's mother?,yes,Is Sophie Perry Tristan Perry's wife?,no,Who is Sophie Perry to Tristan Perry?,mother,310
Vivienne Simmons is Wyatt Jenkins's wife.,Vivienne Simmons is Wyatt Jenkins's ,wife,Is Vivienne Simmons Wyatt Jenkins's wife?,yes,Is Vivienne Simmons Wyatt Jenkins's mother?,no,Who is Vivienne Simmons to Wyatt Jenkins?,wife,311
Peter Parker is Philip Parker's father.,Peter Parker is Philip Parker's ,father,Is Peter Parker Philip Parker's father?,yes,Is Peter Parker Philip Parker's uncle?,no,Who is Peter Parker to Philip Parker?,father,312
Payton Gray is Robert Perry's wife.,Payton Gray is Robert Perry's ,wife,Is Payton Gray Robert Perry's wife?,yes,Is Payton Gray Robert Perry's aunt?,no,Who is Payton Gray to Robert Perry?,wife,313
Sierra Perry is Troy Perry's mother.,Sierra Perry is Troy Perry's ,mother,Is Sierra Perry Troy Perry's mother?,yes,Is Sierra Perry Troy Perry's aunt?,no,Who is Sierra Perry to Troy Perry?,mother,314
Peter Parker is Nora Long's husband.,Peter Parker is Nora Long's ,husband,Is Peter Parker Nora Long's husband?,yes,Is Peter Parker Nora Long's sister?,no,Who is Peter Parker to Nora Long?,husband,315
Poppy Perry is Penelope Foster's mother.,Poppy Perry is Penelope Foster's ,mother,Is Poppy Perry Penelope Foster's mother?,yes,Is Poppy Perry Penelope Foster's father?,no,Who is Poppy Perry to Penelope Foster?,mother,316
Robert Perry is Piper Bryant's child.,Robert Perry is Piper Bryant's ,child,Is Robert Perry Piper Bryant's child?,yes,Is Robert Perry Piper Bryant's nephew?,no,Who is Robert Perry to Piper Bryant?,child,317
Ruby Gray is Sean Gray's aunt.,Ruby Gray is Sean Gray's ,aunt,Is Ruby Gray Sean Gray's aunt?,yes,Is Ruby Gray Sean Gray's father?,no,Who is Ruby Gray to Sean Gray?,aunt,318
Xavier Ross is Willow Ross's father.,Xavier Ross is Willow Ross's ,father,Is Xavier Ross Willow Ross's father?,yes,Is Xavier Ross Willow Ross's uncle?,no,Who is Xavier Ross to Willow Ross?,father,319
Seth Gray is Shane Gray's child.,Seth Gray is Shane Gray's ,child,Is Seth Gray Shane Gray's child?,yes,Is Seth Gray Shane Gray's husband?,no,Who is Seth Gray to Shane Gray?,child,320
Stephen Martinez is Theodore Martinez's brother.,Stephen Martinez is Theodore Martinez's ,brother,Is Stephen Martinez Theodore Martinez's brother?,yes,Is Stephen Martinez Theodore Martinez's niece?,no,Who is Stephen Martinez to Theodore Martinez?,brother,321
Scarlett Martinez is Stephen Martinez's mother.,Scarlett Martinez is Stephen Martinez's ,mother,Is Scarlett Martinez Stephen Martinez's mother?,yes,Is Scarlett Martinez Stephen Martinez's brother?,no,Who is Scarlett Martinez to Stephen Martinez?,mother,322
Riley Foster is Sean Gray's mother.,Riley Foster is Sean Gray's ,mother,Is Riley Foster Sean Gray's mother?,yes,Is Riley Foster Sean Gray's uncle?,no,Who is Riley Foster to Sean Gray?,mother,323
Patrick Butler is Nicole Butler's child.,Patrick Butler is Nicole Butler's ,child,Is Patrick Butler Nicole Butler's child?,yes,Is Patrick Butler Nicole Butler's aunt?,no,Who is Patrick Butler to Nicole Butler?,child,324
Timothy Martinez is Sienna Perry's father.,Timothy Martinez is Sienna Perry's ,father,Is Timothy Martinez Sienna Perry's father?,yes,Is Timothy Martinez Sienna Perry's child?,no,Who is Timothy Martinez to Sienna Perry?,father,325
Savannah Gray is Theodore Martinez's sister.,Savannah Gray is Theodore Martinez's ,sister,Is Savannah Gray Theodore Martinez's sister?,yes,Is Savannah Gray Theodore Martinez's wife?,no,Who is Savannah Gray to Theodore Martinez?,sister,326
Samuel Foster is Ronan Foster's father.,Samuel Foster is Ronan Foster's ,father,Is Samuel Foster Ronan Foster's father?,yes,Is Samuel Foster Ronan Foster's niece?,no,Who is Samuel Foster to Ronan Foster?,father,327
Samuel Foster is Reagan Parker's child.,Samuel Foster is Reagan Parker's ,child,Is Samuel Foster Reagan Parker's child?,yes,Is Samuel Foster Reagan Parker's brother?,no,Who is Samuel Foster to Reagan Parker?,child,328
Parker Ross is Raymond Perry's mother.,Parker Ross is Raymond Perry's ,mother,Is Parker Ross Raymond Perry's mother?,yes,Is Parker Ross Raymond Perry's brother?,no,Who is Parker Ross to Raymond Perry?,mother,329
Michael Parker is Mia Flores's child.,Michael Parker is Mia Flores's ,child,Is Michael Parker Mia Flores's child?,yes,Is Michael Parker Mia Flores's aunt?,no,Who is Michael Parker to Mia Flores?,child,330
Summer Hughes is Victor Hughes's child.,Summer Hughes is Victor Hughes's ,child,Is Summer Hughes Victor Hughes's child?,yes,Is Summer Hughes Victor Hughes's wife?,no,Who is Summer Hughes to Victor Hughes?,child,331
Thomas Martinez is Steven Martinez's father.,Thomas Martinez is Steven Martinez's ,father,Is Thomas Martinez Steven Martinez's father?,yes,Is Thomas Martinez Steven Martinez's aunt?,no,Who is Thomas Martinez to Steven Martinez?,father,332
Oliver Flores is Naomi Flores's husband.,Oliver Flores is Naomi Flores's ,husband,Is Oliver Flores Naomi Flores's husband?,yes,Is Oliver Flores Naomi Flores's wife?,no,Who is Oliver Flores to Naomi Flores?,husband,333
Sophie Perry is Troy Perry's wife.,Sophie Perry is Troy Perry's ,wife,Is Sophie Perry Troy Perry's wife?,yes,Is Sophie Perry Troy Perry's nephew?,no,Who is Sophie Perry to Troy Perry?,wife,334
Ryan Perry is Poppy Perry's father.,Ryan Perry is Poppy Perry's ,father,Is Ryan Perry Poppy Perry's father?,yes,Is Ryan Perry Poppy Perry's wife?,no,Who is Ryan Perry to Poppy Perry?,father,335
Poppy Perry is Ronan Foster's mother.,Poppy Perry is Ronan Foster's ,mother,Is Poppy Perry Ronan Foster's mother?,yes,Is Poppy Perry Ronan Foster's husband?,no,Who is Poppy Perry to Ronan Foster?,mother,336
Noah Flores is Oliver Flores's child.,Noah Flores is Oliver Flores's ,child,Is Noah Flores Oliver Flores's child?,yes,Is Noah Flores Oliver Flores's husband?,no,Who is Noah Flores to Oliver Flores?,child,337
Reed Perry is Quentin Perry's brother.,Reed Perry is Quentin Perry's ,brother,Is Reed Perry Quentin Perry's brother?,yes,Is Reed Perry Quentin Perry's niece?,no,Who is Reed Perry to Quentin Perry?,brother,338
Sloane Lee is Avery Ross's mother.,Sloane Lee is Avery Ross's ,mother,Is Sloane Lee Avery Ross's mother?,yes,Is Sloane Lee Avery Ross's father?,no,Who is Sloane Lee to Avery Ross?,mother,339
Wesley Jenkins is William Jenkins's brother.,Wesley Jenkins is William Jenkins's ,brother,Is Wesley Jenkins William Jenkins's brother?,yes,Is Wesley Jenkins William Jenkins's father?,no,Who is Wesley Jenkins to William Jenkins?,brother,340
Tristan Perry is Sophie Perry's child.,Tristan Perry is Sophie Perry's ,child,Is Tristan Perry Sophie Perry's child?,yes,Is Tristan Perry Sophie Perry's wife?,no,Who is Tristan Perry to Sophie Perry?,child,341
Naomi Flores is Natalie Foster's child.,Naomi Flores is Natalie Foster's ,child,Is Naomi Flores Natalie Foster's child?,yes,Is Naomi Flores Natalie Foster's sister?,no,Who is Naomi Flores to Natalie Foster?,child,342
Violet Jenkins is Vivienne Simmons's child.,Violet Jenkins is Vivienne Simmons's ,child,Is Violet Jenkins Vivienne Simmons's child?,yes,Is Violet Jenkins Vivienne Simmons's wife?,no,Who is Violet Jenkins to Vivienne Simmons?,child,343
Sarah Gray is Savannah Gray's child.,Sarah Gray is Savannah Gray's ,child,Is Sarah Gray Savannah Gray's child?,yes,Is Sarah Gray Savannah Gray's father?,no,Who is Sarah Gray to Savannah Gray?,child,344
Reid Perry is Raymond Perry's brother.,Reid Perry is Raymond Perry's ,brother,Is Reid Perry Raymond Perry's brother?,yes,Is Reid Perry Raymond Perry's husband?,no,Who is Reid Perry to Raymond Perry?,brother,345
Troy Perry is Tristan Perry's father.,Troy Perry is Tristan Perry's ,father,Is Troy Perry Tristan Perry's father?,yes,Is Troy Perry Tristan Perry's uncle?,no,Who is Troy Perry to Tristan Perry?,father,346
Willow Ross is Zoey Jenkins's child.,Willow Ross is Zoey Jenkins's ,child,Is Willow Ross Zoey Jenkins's child?,yes,Is Willow Ross Zoey Jenkins's aunt?,no,Who is Willow Ross to Zoey Jenkins?,child,347
Theodore Martinez is Stephen Martinez's brother.,Theodore Martinez is Stephen Martinez's ,brother,Is Theodore Martinez Stephen Martinez's brother?,yes,Is Theodore Martinez Stephen Martinez's husband?,no,Who is Theodore Martinez to Stephen Martinez?,brother,348
Stella Hughes is Summer Hughes's sister.,Stella Hughes is Summer Hughes's ,sister,Is Stella Hughes Summer Hughes's sister?,yes,Is Stella Hughes Summer Hughes's wife?,no,Who is Stella Hughes to Summer Hughes?,sister,349
Sloane Lee is Zachary Ross's mother.,Sloane Lee is Zachary Ross's ,mother,Is Sloane Lee Zachary Ross's mother?,yes,Is Sloane Lee Zachary Ross's sister?,no,Who is Sloane Lee to Zachary Ross?,mother,350
Savannah Gray is Scarlett Martinez's child.,Savannah Gray is Scarlett Martinez's ,child,Is Savannah Gray Scarlett Martinez's child?,yes,Is Savannah Gray Scarlett Martinez's brother?,no,Who is Savannah Gray to Scarlett Martinez?,child,351
Rachel Gray is Riley Foster's child.,Rachel Gray is Riley Foster's ,child,Is Rachel Gray Riley Foster's child?,yes,Is Rachel Gray Riley Foster's uncle?,no,Who is Rachel Gray to Riley Foster?,child,352
Oliver Flores is Noah Flores's father.,Oliver Flores is Noah Flores's ,father,Is Oliver Flores Noah Flores's father?,yes,Is Oliver Flores Noah Flores's uncle?,no,Who is Oliver Flores to Noah Flores?,father,353
Xander Jenkins is Zoey Jenkins's father.,Xander Jenkins is Zoey Jenkins's ,father,Is Xander Jenkins Zoey Jenkins's father?,yes,Is Xander Jenkins Zoey Jenkins's wife?,no,Who is Xander Jenkins to Zoey Jenkins?,father,354
Maya Diaz is Michael Parker's wife.,Maya Diaz is Michael Parker's ,wife,Is Maya Diaz Michael Parker's wife?,yes,Is Maya Diaz Michael Parker's aunt?,no,Who is Maya Diaz to Michael Parker?,wife,355
Reid Perry is Richard Perry's child.,Reid Perry is Richard Perry's ,child,Is Reid Perry Richard Perry's child?,yes,Is Reid Perry Richard Perry's mother?,no,Who is Reid Perry to Richard Perry?,child,356
Oscar Butler is Paul Butler's father.,Oscar Butler is Paul Butler's ,father,Is Oscar Butler Paul Butler's father?,yes,Is Oscar Butler Paul Butler's mother?,no,Who is Oscar Butler to Paul Butler?,father,357
Wyatt Jenkins is Wesley Jenkins's father.,Wyatt Jenkins is Wesley Jenkins's ,father,Is Wyatt Jenkins Wesley Jenkins's father?,yes,Is Wyatt Jenkins Wesley Jenkins's brother?,no,Who is Wyatt Jenkins to Wesley Jenkins?,father,358
Shelby Martinez is Sienna Perry's mother.,Shelby Martinez is Sienna Perry's ,mother,Is Shelby Martinez Sienna Perry's mother?,yes,Is Shelby Martinez Sienna Perry's father?,no,Who is Shelby Martinez to Sienna Perry?,mother,359
Zoe Reed is Zoey Jenkins's mother.,Zoe Reed is Zoey Jenkins's ,mother,Is Zoe Reed Zoey Jenkins's mother?,yes,Is Zoe Reed Zoey Jenkins's aunt?,no,Who is Zoe Reed to Zoey Jenkins?,mother,360
Richard Perry is Robert Perry's child.,Richard Perry is Robert Perry's ,child,Is Richard Perry Robert Perry's child?,yes,Is Richard Perry Robert Perry's mother?,no,Who is Richard Perry to Robert Perry?,child,361
Mia Flores is Nathan Flores's child.,Mia Flores is Nathan Flores's ,child,Is Mia Flores Nathan Flores's child?,yes,Is Mia Flores Nathan Flores's mother?,no,Who is Mia Flores to Nathan Flores?,child,362
Oliver Flores is Molly Flores's father.,Oliver Flores is Molly Flores's ,father,Is Oliver Flores Molly Flores's father?,yes,Is Oliver Flores Molly Flores's nephew?,no,Who is Oliver Flores to Molly Flores?,father,363
Scarlett Martinez is Steven Martinez's mother.,Scarlett Martinez is Steven Martinez's ,mother,Is Scarlett Martinez Steven Martinez's mother?,yes,Is Scarlett Martinez Steven Martinez's wife?,no,Who is Scarlett Martinez to Steven Martinez?,mother,364
Seth Gray is Sadie Brooks's child.,Seth Gray is Sadie Brooks's ,child,Is Seth Gray Sadie Brooks's child?,yes,Is Seth Gray Sadie Brooks's aunt?,no,Who is Seth Gray to Sadie Brooks?,child,365
Scott Gray is Seth Gray's child.,Scott Gray is Seth Gray's ,child,Is Scott Gray Seth Gray's child?,yes,Is Scott Gray Seth Gray's mother?,no,Who is Scott Gray to Seth Gray?,child,366
Natalie Foster is Paul Butler's mother.,Natalie Foster is Paul Butler's ,mother,Is Natalie Foster Paul Butler's mother?,yes,Is Natalie Foster Paul Butler's child?,no,Who is Natalie Foster to Paul Butler?,mother,367
Reid Perry is Paisley Parker's husband.,Reid Perry is Paisley Parker's ,husband,Is Reid Perry Paisley Parker's husband?,yes,Is Reid Perry Paisley Parker's aunt?,no,Who is Reid Perry to Paisley Parker?,husband,368
Piper Bryant is Poppy Perry's mother.,Piper Bryant is Poppy Perry's ,mother,Is Piper Bryant Poppy Perry's mother?,yes,Is Piper Bryant Poppy Perry's aunt?,no,Who is Piper Bryant to Poppy Perry?,mother,369
Xander Jenkins is Zoe Reed's husband.,Xander Jenkins is Zoe Reed's ,husband,Is Xander Jenkins Zoe Reed's husband?,yes,Is Xander Jenkins Zoe Reed's mother?,no,Who is Xander Jenkins to Zoe Reed?,husband,370
Ronan Foster is Samuel Foster's child.,Ronan Foster is Samuel Foster's ,child,Is Ronan Foster Samuel Foster's child?,yes,Is Ronan Foster Samuel Foster's brother?,no,Who is Ronan Foster to Samuel Foster?,child,371
Patrick Butler is Owen Butler's brother.,Patrick Butler is Owen Butler's ,brother,Is Patrick Butler Owen Butler's brother?,yes,Is Patrick Butler Owen Butler's niece?,no,Who is Patrick Butler to Owen Butler?,brother,372
Vincent Hughes is Vanessa Jenkins's father.,Vincent Hughes is Vanessa Jenkins's ,father,Is Vincent Hughes Vanessa Jenkins's father?,yes,Is Vincent Hughes Vanessa Jenkins's aunt?,no,Who is Vincent Hughes to Vanessa Jenkins?,father,373
Naomi Flores is Oliver Flores's wife.,Naomi Flores is Oliver Flores's ,wife,Is Naomi Flores Oliver Flores's wife?,yes,Is Naomi Flores Oliver Flores's niece?,no,Who is Naomi Flores to Oliver Flores?,wife,374
Scott Gray is Quinn Gray's brother.,Scott Gray is Quinn Gray's ,brother,Is Scott Gray Quinn Gray's brother?,yes,Is Scott Gray Quinn Gray's husband?,no,Who is Scott Gray to Quinn Gray?,brother,375
Steven Martinez is Thomas Martinez's child.,Steven Martinez is Thomas Martinez's ,child,Is Steven Martinez Thomas Martinez's child?,yes,Is Steven Martinez Thomas Martinez's brother?,no,Who is Steven Martinez to Thomas Martinez?,child,376
Sadie Brooks is Shane Gray's wife.,Sadie Brooks is Shane Gray's ,wife,Is Sadie Brooks Shane Gray's wife?,yes,Is Sadie Brooks Shane Gray's uncle?,no,Who is Sadie Brooks to Shane Gray?,wife,377
Tessa Jenkins is Trinity Jenkins's sister.,Tessa Jenkins is Trinity Jenkins's ,sister,Is Tessa Jenkins Trinity Jenkins's sister?,yes,Is Tessa Jenkins Trinity Jenkins's uncle?,no,Who is Tessa Jenkins to Trinity Jenkins?,sister,378
Zoey Jenkins is Xavier Ross's wife.,Zoey Jenkins is Xavier Ross's ,wife,Is Zoey Jenkins Xavier Ross's wife?,yes,Is Zoey Jenkins Xavier Ross's husband?,no,Who is Zoey Jenkins to Xavier Ross?,wife,379
Paul Butler is Owen Butler's father.,Paul Butler is Owen Butler's ,father,Is Paul Butler Owen Butler's father?,yes,Is Paul Butler Owen Butler's child?,no,Who is Paul Butler to Owen Butler?,father,380
Wesley Jenkins is Victoria Jenkins's brother.,Wesley Jenkins is Victoria Jenkins's ,brother,Is Wesley Jenkins Victoria Jenkins's brother?,yes,Is Wesley Jenkins Victoria Jenkins's child?,no,Who is Wesley Jenkins to Victoria Jenkins?,brother,381
Samantha Howard is Spencer Gray's mother.,Samantha Howard is Spencer Gray's ,mother,Is Samantha Howard Spencer Gray's mother?,yes,Is Samantha Howard Spencer Gray's nephew?,no,Who is Samantha Howard to Spencer Gray?,mother,382
Quentin Perry is Raymond Perry's brother.,Quentin Perry is Raymond Perry's ,brother,Is Quentin Perry Raymond Perry's brother?,yes,Is Quentin Perry Raymond Perry's sister?,no,Who is Quentin Perry to Raymond Perry?,brother,383
Sebastian Foster is Reagan Parker's husband.,Sebastian Foster is Reagan Parker's ,husband,Is Sebastian Foster Reagan Parker's husband?,yes,Is Sebastian Foster Reagan Parker's child?,no,Who is Sebastian Foster to Reagan Parker?,husband,384
Nolan Flores is Naomi Flores's child.,Nolan Flores is Naomi Flores's ,child,Is Nolan Flores Naomi Flores's child?,yes,Is Nolan Flores Naomi Flores's father?,no,Who is Nolan Flores to Naomi Flores?,child,385
Nicole Butler is Paul Butler's wife.,Nicole Butler is Paul Butler's ,wife,Is Nicole Butler Paul Butler's wife?,yes,Is Nicole Butler Paul Butler's nephew?,no,Who is Nicole Butler to Paul Butler?,wife,386
Scott Gray is Sean Gray's brother.,Scott Gray is Sean Gray's ,brother,Is Scott Gray Sean Gray's brother?,yes,Is Scott Gray Sean Gray's uncle?,no,Who is Scott Gray to Sean Gray?,brother,387
Penelope Foster is Poppy Perry's child.,Penelope Foster is Poppy Perry's ,child,Is Penelope Foster Poppy Perry's child?,yes,Is Penelope Foster Poppy Perry's nephew?,no,Who is Penelope Foster to Poppy Perry?,child,388
Trinity Jenkins is Vanessa Jenkins's child.,Trinity Jenkins is Vanessa Jenkins's ,child,Is Trinity Jenkins Vanessa Jenkins's child?,yes,Is Trinity Jenkins Vanessa Jenkins's uncle?,no,Who is Trinity Jenkins to Vanessa Jenkins?,child,389
Stephen Martinez is Scarlett Martinez's child.,Stephen Martinez is Scarlett Martinez's ,child,Is Stephen Martinez Scarlett Martinez's child?,yes,Is Stephen Martinez Scarlett Martinez's sister?,no,Who is Stephen Martinez to Scarlett Martinez?,child,390
Melanie Flores is Michael Parker's aunt.,Melanie Flores is Michael Parker's ,aunt,Is Melanie Flores Michael Parker's aunt?,yes,Is Melanie Flores Michael Parker's wife?,no,Who is Melanie Flores to Michael Parker?,aunt,391
Violet Jenkins is Tessa Jenkins's aunt.,Violet Jenkins is Tessa Jenkins's ,aunt,Is Violet Jenkins Tessa Jenkins's aunt?,yes,Is Violet Jenkins Tessa Jenkins's niece?,no,Who is Violet Jenkins to Tessa Jenkins?,aunt,392
Rachel Gray is Scott Gray's sister.,Rachel Gray is Scott Gray's ,sister,Is Rachel Gray Scott Gray's sister?,yes,Is Rachel Gray Scott Gray's husband?,no,Who is Rachel Gray to Scott Gray?,sister,393
Sophia Martinez is Sydney Evans's child.,Sophia Martinez is Sydney Evans's ,child,Is Sophia Martinez Sydney Evans's child?,yes,Is Sophia Martinez Sydney Evans's husband?,no,Who is Sophia Martinez to Sydney Evans?,child,394
Paul Butler is Patrick Butler's father.,Paul Butler is Patrick Butler's ,father,Is Paul Butler Patrick Butler's father?,yes,Is Paul Butler Patrick Butler's child?,no,Who is Paul Butler to Patrick Butler?,father,395
Nathan Flores is Melanie Flores's father.,Nathan Flores is Melanie Flores's ,father,Is Nathan Flores Melanie Flores's father?,yes,Is Nathan Flores Melanie Flores's husband?,no,Who is Nathan Flores to Melanie Flores?,father,396
Sadie Brooks is Simon Gray's mother.,Sadie Brooks is Simon Gray's ,mother,Is Sadie Brooks Simon Gray's mother?,yes,Is Sadie Brooks Simon Gray's aunt?,no,Who is Sadie Brooks to Simon Gray?,mother,397
Zachary Ross is Xavier Ross's father.,Zachary Ross is Xavier Ross's ,father,Is Zachary Ross Xavier Ross's father?,yes,Is Zachary Ross Xavier Ross's niece?,no,Who is Zachary Ross to Xavier Ross?,father,398
Sebastian Foster is Samuel Foster's father.,Sebastian Foster is Samuel Foster's ,father,Is Sebastian Foster Samuel Foster's father?,yes,Is Sebastian Foster Samuel Foster's brother?,no,Who is Sebastian Foster to Samuel Foster?,father,399